batch,group,norm_prefix,norm_main,norm_aux,cos_main_aux,cos_prefix_aux,aux_main_norm_ratio,dot_main_total
0,backbone_fpn,7.078406984376362,7.300413432465193,3.9929528511237473,-0.09125407108712398,-0.10223279145369617,0.5469488663980243,50.635961256941464
0,scene_shared,3.4538898316529547,3.656833355389706,0.16909231623653617,0.05320586400388514,0.05359542962844792,0.046240093491631405,13.405329631911687
0,status_query,1.4318485683170874,1.4801511890119463,0.005776627786447553,0.7027949263206638,0.7052540490309792,0.0039027282005587942,2.1968566374836622
1,backbone_fpn,8.41701701582944,8.882628349953723,10.231094993379381,0.7086896837564636,0.7123184792859538,1.1518094183725116,143.3061064064608
1,scene_shared,5.287994284898896,6.176330651481512,0.16533637586989103,0.0448010285898933,0.04143244217725275,0.026769353067299256,38.192809878046205
1,status_query,2.388129132410045,2.928597385546223,0.00848602160009088,0.8922992205469149,0.8819655270893151,0.002897640229405628,8.598858192378465
2,backbone_fpn,7.65655980917954,8.216824405675005,11.704051412009974,-0.5940454480311016,-0.5913199254697736,1.4244008188767538,10.386772209634543
2,scene_shared,5.332000117448594,5.407072807602161,0.1783011206195888,-0.035221653794236245,-0.032708898305549704,0.03297553537080238,29.202479603207614
2,status_query,1.8384727573783097,1.6668497485976561,0.006991236416636406,-0.6041259525032053,-0.6083323129145818,0.004194281111730815,2.7713479988719136
3,backbone_fpn,4.108053141385535,4.326546833514885,4.020445714086268,-0.2085800197643368,-0.22001892376640161,0.9292504782203084,15.090831755624864
3,scene_shared,3.891006992410983,4.5337645943015055,0.22734294298804048,-0.09973525863541388,-0.08758234307885816,0.05014440830778645,20.452222332030217
3,status_query,1.4102873504432567,1.755542593887536,0.016704678744432523,-0.8200576530815542,-0.8114790078532794,0.009515393589762519,3.057880972688569
4,backbone_fpn,5.03532594269229,5.200087002107169,4.659365315375963,-0.06639092486946695,-0.051456997797048376,0.8960168000050585,25.43231213880814
4,scene_shared,2.9460476264548556,3.022086263072865,0.2681135592907981,-0.03954926255153281,-0.03568521600714736,0.08871803646603375,9.100960104838371
4,status_query,1.0001372342093258,1.0732703639466978,0.014529604045918713,-0.8944212423501059,-0.8596927968742499,0.01353769239699262,1.1379614962719982
5,backbone_fpn,6.55368843721902,6.987260322781224,9.145508130023966,-0.4701580148615905,-0.42479992154871854,1.3088832686261886,18.77774768370764
5,scene_shared,7.985127840842797,8.73017456689497,0.1518203272812595,0.07762317182577273,0.07861061070140038,0.01739029685121828,76.31883111450738
5,status_query,3.5320690502751897,3.9422701681057144,0.006429490684697559,0.567668196240326,0.5746958435582945,0.0016309107216228586,15.555882644511387
6,backbone_fpn,9.079531542324222,9.525438760334895,6.596751867467582,-0.13709858722828416,-0.14767413884990171,0.6925404732994843,82.1191256930672
6,scene_shared,7.0787907902492355,7.486399995611698,0.1706562498113853,0.05459283486909671,0.05754733620479546,0.022795502499388068,56.11593275186882
6,status_query,2.337413440765712,2.405243558783755,0.009719810174543347,0.8936744229321624,0.901540967613352,0.004041091863253261,5.80608935423228
7,backbone_fpn,7.56093281201212,8.244276762496346,4.938877354165347,-0.08447532804059182,-0.09684168204429731,0.5990673889834173,64.52847754903065
7,scene_shared,7.534400510032943,8.377814544221406,0.23116495964135447,-0.024894760519318583,-0.022753639967244627,0.027592513348340994,70.13956392113668
7,status_query,3.507108653244156,3.967132412369449,0.011094907982696701,-0.9051716740726352,-0.9049023457753997,0.0027967072508351303,15.698298474034523
8,backbone_fpn,5.676626258991317,6.034487888568096,4.752566061457518,-0.17854745282588058,-0.1810663396241139,0.7875674206689375,31.294427696093734
8,scene_shared,5.133924281901594,5.646665988023582,0.16275872125450605,-0.10660262225369951,-0.10678798930213741,0.028823862009850182,31.786864265484535
8,status_query,2.1723973732754907,2.3889396781278807,0.012646560201714065,-0.9014539124706497,-0.9016520306014275,0.0052937963722988115,5.679798177808038
9,backbone_fpn,5.462263756090751,5.623396043785117,5.939448160957514,-0.4036452344145645,-0.4351438150927926,1.0562030692328155,18.140884996039965
9,scene_shared,2.613958528026747,3.214156197777083,0.16045965721690672,-0.0029903457704103767,-0.006225214204229381,0.04992279383555813,10.32925781559918
9,status_query,1.098249684126998,1.3750039833269116,0.003842432676639984,0.5231820313374237,0.5191565871773528,0.002794488396566654,1.8934001133054554
10,backbone_fpn,6.03674192725134,6.516931577973558,4.492646937228807,-0.28220772735817123,-0.26659901453850704,0.6893807129130235,34.20784239406706
10,scene_shared,7.086327480092114,7.827024325357171,0.18480906397279678,0.03171392204895844,0.027797268734084328,0.023611663422850468,61.30818413779145
10,status_query,2.8438045214223298,3.2038814653178402,0.013051186125768504,0.9534929282395113,0.9535649059679054,0.004073554614004349,10.304726229354369
11,backbone_fpn,5.957876359037502,6.335617190866656,7.366773871077156,0.31697912093642155,0.2941149238483507,1.1627555215452414,54.934430459122225
11,scene_shared,4.500150789497164,5.179587333720497,0.14567345196715634,8.407287976887799e-05,0.0009306168822709459,0.028124528573692204,26.828188383010463
11,status_query,1.888953653043398,2.2605165120924933,0.006154729689729821,0.33821978755440446,0.32440066525111,0.002722709459013228,5.1146405087328555
12,backbone_fpn,6.292032541669255,6.758912308537761,13.283427894383578,0.4315920339026269,0.3876753127151667,1.9653203486016741,84.43188627182718
12,scene_shared,4.155623913150198,4.278771465766746,0.21247681242389774,0.021142701258069305,0.02917930339751875,0.049658369025750805,18.327106925806685
12,status_query,1.5040705653411197,1.251304342204364,0.006990959432142875,0.5276083910899615,0.5440610572982093,0.005586937722782318,1.570377978943894
13,backbone_fpn,4.561547843981679,4.800778908016032,6.929814457791315,0.444669973520831,0.4496705608213143,1.443477108729243,37.84098428840694
13,scene_shared,3.865280900522663,3.9174179173266954,0.23174530799966592,0.0020765732659693134,-0.0017036706071565867,0.059157667854292245,15.348048341956336
13,status_query,1.7656860212001102,1.7755614924531269,0.003642290963206896,0.434039596671757,0.44220861141187573,0.0020513459988224254,3.1554255959835737
14,backbone_fpn,6.0726345092099985,6.338768585431036,9.969575552090006,-0.21529702682112314,-0.19448041031927293,1.5727937402548473,26.574327670763132
14,scene_shared,3.2877315794942064,3.293643174631108,0.16274964436416786,-0.01902627290876182,-0.02396884159568149,0.04941325934081976,10.837886532632295
14,status_query,1.3282414048271989,1.2389646466217563,0.006839467492121786,-0.42726719451633915,-0.461152743678307,0.005520308840749197,1.5314127938628268
15,backbone_fpn,9.146896234671164,9.59212625194677,3.8772400825152733,-0.15003803833021767,-0.15539788836368962,0.40421070163962536,86.42882489355645
15,scene_shared,3.9204531730499617,4.0793276426189955,0.16948414744419074,0.08080460402781173,0.08180695088874741,0.04154707890425274,16.696780813481006
15,status_query,0.6221717574322515,0.5227064913216646,0.009775956811202321,0.672040270067012,0.7659510347995002,0.018702573955957178,0.2766561723365917
16,backbone_fpn,6.201174597338772,6.589115827674697,8.878187691890886,-0.6186864751221207,-0.6075118478262643,1.3474019768482357,7.223655451146627
16,scene_shared,3.2323835249233133,3.7607018912810375,0.20546352430803858,-0.004943212281084969,-0.0036960842112254188,0.05463435556654822,14.139059158898325
16,status_query,1.1959046191273708,1.3802318985740696,0.006280270121229096,-0.17280694396698748,-0.1512897326139235,0.004550155758403571,1.9035421636518484
17,backbone_fpn,8.476243829122728,8.895899387498625,6.449959011194521,0.34912899023509325,0.3416927862928295,0.7250485566707987,99.1694141978133
17,scene_shared,6.031178363838517,6.67501083143461,0.29372482931049904,0.04849794477415898,0.04508138504423308,0.04400364834275047,44.650855466489624
17,status_query,2.2393956436969056,2.5666598421604125,0.013360585584721968,0.8419548025602063,0.8407110508099459,0.00520543679581478,6.616615125531702
18,backbone_fpn,8.284237345789098,8.926572643696582,15.944308290569102,0.13842704848338036,0.13915207976720903,1.7861623858321514,99.38574774780508
18,scene_shared,8.127121730751485,8.530890990705364,0.1678895092486225,0.20827081334473754,0.21418486541094955,0.019680184570585024,73.07439636411776
18,status_query,3.7395826767845617,3.8974955223846734,0.022043597036611046,0.9772090612568196,0.9785173231261379,0.005655836398016879,15.274428088339237
19,backbone_fpn,4.869083667294645,5.102790098427326,7.474949197259124,0.013018045393655711,-0.02551711362378339,1.4648749121706761,26.535015353554332
19,scene_shared,2.4031869750996426,2.701102489982622,0.1953708323523987,-0.00903806797287191,-0.02305061867367522,0.07233003304278751,7.291185122511886
19,status_query,1.0719568063979803,1.2954842413279382,0.0036401036198990843,-0.23624780485207972,-0.28512928524656495,0.0028098401383623087,1.677165346493631
20,backbone_fpn,5.51351174070502,6.038106226768559,19.949953974519765,0.4561235109097729,0.4549597589230292,3.304008446568267,91.40333816337056
20,scene_shared,1.945498492167328,2.038077017464752,0.20346612820291377,0.06766898448845234,0.07657059486509989,0.0998324040060143,4.181818879226103
20,status_query,0.5854170989933216,0.5465534960951332,0.029281078479571877,0.8395283959528721,0.8931270815257324,0.05357403930040036,0.31215626437798527
21,backbone_fpn,3.991751518921069,4.206556465568879,4.249690636824379,0.008526763905015364,0.01274837446925018,1.0102540335803305,17.847546535482714
21,scene_shared,3.9804881028361683,4.808182818140203,0.1501920016029262,0.13920501134454735,0.13203760191390104,0.031236749367408664,23.21914899533702
21,status_query,1.7934177164810277,2.2329234593855136,0.015170469269055442,0.9797688923893403,0.9802496939298783,0.006793994306114845,5.019136353606516
22,backbone_fpn,7.5951334385853135,7.914211831728329,5.6328783773718065,0.3313651054061196,0.332828574359239,0.7117421794030603,77.4069366247796
22,scene_shared,7.669089257360209,8.275754229112348,0.15757820809168546,-0.03405894163304179,-0.03370257398651662,0.019040948260323966,68.44369252640416
22,status_query,3.473229189122027,3.7651120963983575,0.008808306869525584,-0.26071227951541703,-0.26082658589864866,0.002339454083704828,14.167422767906997
23,backbone_fpn,7.082323279815666,7.397980876020567,6.92498119427149,0.1738565130719657,0.2111631409835611,0.936063678769131,63.63694292950981
23,scene_shared,3.794977301952032,4.920503921402496,0.17950460957482195,-0.0445697315705385,-0.04031938641049532,0.03648094025370832,24.171992485387165
23,status_query,1.3629443171073718,1.9122035084678985,0.008680044237805192,-0.728902648215507,-0.7317813683469514,0.004539288940411914,3.644423923590993
24,backbone_fpn,7.379813981683293,7.6812072749745735,4.161562733071573,0.06148138085990351,0.08999259339565008,0.5417849804196762,60.96624832027357
24,scene_shared,7.7047435312579085,7.894094383127973,0.13699657937377113,-0.039560833509533676,-0.03826613522683579,0.017354312315618313,62.27394251534063
24,status_query,3.315019263753883,3.241603972529274,0.005870513767553342,0.230117781293715,0.23401554133584748,0.0018109904285972512,10.512375428653971
25,backbone_fpn,3.3420484597991487,3.5686072194380993,4.729140198170762,0.22796532164882138,0.2560934152417959,1.3252061399223969,16.582201437846525
25,scene_shared,2.5115553280922636,2.977400583976815,0.15663135664401562,-0.0184865652502542,-0.0196351532926446,0.052606746128466296,8.856292948402988
25,status_query,0.9799083449216903,1.235865033405219,0.008963445539167962,0.489315637715718,0.48014076674978606,0.007252770567082629,1.5327828280670757
26,backbone_fpn,8.83213329176892,9.409504076597056,9.926654485291637,0.3767921907809621,0.37002682505571055,1.054960431972267,123.73300230309991
26,scene_shared,9.578845457556074,9.937891427316005,0.3534162737090656,-0.11067647463778377,-0.11087347078093576,0.035562500988654405,98.37296671715939
26,status_query,4.176495141400948,4.250470312097033,0.016331015885520245,-0.9343840133769116,-0.9344547844285985,0.003842166792470336,18.001638076614995
27,backbone_fpn,5.289165294453671,5.510313352912576,5.24039881664713,-0.2876801841116511,-0.29299149423383364,0.9510164814632952,22.056431330198265
27,scene_shared,2.029113878925728,2.3029342365445857,0.18454192955110066,-0.023621960288673166,-0.02936657938744749,0.08013339096820876,5.293467049899288
27,status_query,0.31649554384465767,0.5215957161406075,0.006834663631297625,-0.4041852352675114,-0.36428831451646726,0.01310337378126624,0.27062119851161137
28,backbone_fpn,5.915280177878838,6.308606801580636,5.806093158489102,0.4499519504615036,0.4420484873049011,0.9203447514012716,56.279521256828524
28,scene_shared,2.0645884402118573,2.492888191753727,0.1659434821905834,0.05621531211404708,0.05679630983633057,0.06656675688043735,6.23774660523379
28,status_query,0.7287172376206557,0.9738800575856352,0.005803055200094394,0.8254386082502018,0.8103200927254453,0.0059586959963846674,0.9531073161279001
29,backbone_fpn,4.736078040263104,4.9983239170003,6.000528776994204,0.23763752513255795,0.24426902479772916,1.2005081856710418,32.11060600760742
29,scene_shared,3.610307111076316,3.881914118604932,0.15264970334083156,0.045913800010298975,0.04593498577065328,0.03932330769741249,15.096464504210065
29,status_query,1.7042368189752934,1.9040837361479601,0.009374411361478265,0.49735986778635666,0.4940443485757208,0.0049233188559464755,3.634412580894369
30,backbone_fpn,6.020650498250529,6.467154203666898,4.586395616752289,-0.31900887685472096,-0.29564749959383024,0.7091829686312083,32.3619842643341
30,scene_shared,4.695576784728267,5.038263509665176,0.12741836233115583,-0.02803840197564883,-0.03611737076821957,0.025290134604258434,25.36609945602056
30,status_query,0.8913476555168929,0.9978846610341802,0.008825722331628521,0.299897970286033,0.15193645423277227,0.008844431301791718,0.9984150140273922
31,backbone_fpn,9.083303732324229,9.12155511168891,9.361203919035475,0.6150813227562406,0.6472379560362689,1.0262728015576494,135.72378524049293
31,scene_shared,5.060884576979444,5.28196106678804,0.22762736356213895,-0.05165659542745408,-0.056574102778610816,0.04309523691748056,27.837005011515295
31,status_query,1.7482868889249592,1.720411476701671,0.012412566300678454,-0.9685659726998013,-0.9716745051863225,0.007214882293435702,2.9391321925470333
