row,session,scenario,frame,bucket,command,geometry,PREFIX,first_interval_GT_progress_mps,GT_max_abs_segment_heading_deg,lateral_weighted_abs,longitudinal_weighted_abs,endpoint_L2,endpoint_lateral_signed,endpoint_longitudinal_signed
6093,session_007_20260112-154227,20260112-154727,93,nonstop,U_TURN,near_straight_lt5deg,0.2929473275778638,10.610189896473274,1.4512229498404303,0.029932936647820953,0.290893672937251,1.4392834985321836,-0.24020895649271068,1.4190971236556453
6094,session_007_20260112-154227,20260112-154727,94,nonstop,U_TURN,near_straight_lt5deg,0.2840064313803006,10.375591583676297,1.3596886072128918,0.03244221947581785,0.28180122713067174,1.4003095812114703,-0.24744783280728425,1.3782730111525878
6095,session_007_20260112-154227,20260112-154727,95,nonstop,U_TURN,near_straight_lt5deg,0.31810140922576335,10.131489637843597,2.065934550680072,0.04729990295448129,0.31282604534637815,1.5780756668669915,-0.32277255248110265,1.5447137889339027
6096,session_007_20260112-154227,20260112-154727,96,nonstop,U_TURN,near_straight_lt5deg,0.36106685642526937,9.857841817399583,2.4171837929453655,0.030467387317646748,0.3590792955535468,1.617457918952693,-0.2729605052457018,1.5942592895005465
6097,session_007_20260112-154227,20260112-154727,97,nonstop,U_TURN,near_straight_lt5deg,0.40006757096770884,9.567399100636223,2.5526336984734708,0.03734665472947662,0.39732609423787874,1.6067459302802345,-0.26202876933784414,1.5852360734324054
6098,session_007_20260112-154227,20260112-154727,98,nonstop,U_TURN,near_straight_lt5deg,0.4477051142765361,9.24977600666884,3.0446880612592038,0.04625381475255588,0.4443181177857238,1.6838691273981363,-0.3513000566141082,1.6468161732347317
6099,session_007_20260112-154227,20260112-154727,99,nonstop,U_TURN,near_straight_lt5deg,0.4739920593287724,8.924864216689487,3.754337205756894,0.04476242317582885,0.4703124063349805,1.6103252011269322,-0.37196313125633484,1.566777164235705
6100,session_007_20260112-154227,20260112-154727,100,nonstop,U_TURN,near_straight_lt5deg,0.47981899028788033,8.590862339369057,3.477745313760783,0.050436081877439545,0.47480449794254115,1.374620390187758,-0.3788285461414357,1.321389476932638
6101,session_007_20260112-154227,20260112-154727,101,nonstop,U_TURN,near_straight_lt5deg,0.504536601432245,8.259805273131704,3.5162334878503785,0.09117806853730942,0.49392258690994534,1.6164197012574444,-0.512377641291656,1.5330628830278312
6102,session_007_20260112-154227,20260112-154727,102,nonstop,U_TURN,near_straight_lt5deg,0.48303886519913586,7.9426655784626,3.6762715440802682,0.07271414013545008,0.4755265711266844,1.5245329968515269,-0.4250791243565988,1.464072606302476
6103,session_007_20260112-154227,20260112-154727,103,nonstop,U_TURN,near_straight_lt5deg,0.39554616194727077,7.628736015666935,3.803002757172377,0.06526741471484014,0.3871066720851963,1.0849926564883596,-0.37147500457353994,1.0194191412813258
6104,session_007_20260112-154227,20260112-154727,104,nonstop,U_TURN,near_straight_lt5deg,0.41847356471077535,7.315971905761447,3.807874421522592,0.06645627294655262,0.40954629180894825,0.8514274976571483,-0.3244373779619382,0.7871906830926645
6105,session_007_20260112-154227,20260112-154727,105,nonstop,U_TURN,near_straight_lt5deg,0.3893973946704995,7.019089794219953,3.532504748294163,0.07230784985832862,0.3752924062361614,0.5180227418130664,-0.3131260812308145,0.41267374315378996
6106,session_007_20260112-154227,20260112-154727,106,nonstop,U_TURN,near_straight_lt5deg,0.3490202320501646,6.711663173274244,3.632552600358921,0.07997459377335682,0.3229062353032271,0.31997690183006083,-0.3018382266536025,0.10620217811030472
6107,session_007_20260112-154227,20260112-154727,107,nonstop,U_TURN,near_straight_lt5deg,0.32902550603984926,6.385145944189841,3.7873572622183147,0.07844589640271525,0.30383562927846236,0.3053385668835569,-0.28412041630690177,0.11183572534792786
6108,session_007_20260112-154227,20260112-154727,108,nonstop,U_TURN,near_straight_lt5deg,0.35433222662398545,6.081082336578186,3.954395959914901,0.10674879681170615,0.32231504919292964,0.37634656971161834,-0.33276265319180853,0.17580033326035005
6109,session_007_20260112-154227,20260112-154727,109,nonstop,U_TURN,near_straight_lt5deg,0.3204319120498611,5.78292012746711,4.199289934239194,0.08827405234623668,0.2927361551255153,0.31138842239662595,-0.27536106893851625,0.1453926797184
6110,session_007_20260112-154227,20260112-154727,110,nonstop,U_TURN,near_straight_lt5deg,0.39470486053946024,5.4576548205264155,3.4672392924341175,0.09105819454312723,0.3720369020358256,0.31295636393250903,-0.2475792695565265,0.19143194877479
6111,session_007_20260112-154227,20260112-154727,111,nonstop,U_TURN,near_straight_lt5deg,0.40173958782027075,5.153931153705109,3.487951347540558,0.10379255596101322,0.3788637661678253,0.3588165780360378,-0.24536711567771824,0.2618096927493121
6112,session_007_20260112-154227,20260112-154727,112,nonstop,U_TURN,near_straight_lt5deg,0.2994822606562049,4.879724263845786,3.563182853619945,0.11747440604257879,0.25441651587809744,0.2305255844617246,-0.2283149716903708,0.031848371911997485
6113,session_007_20260112-154227,20260112-154727,113,nonstop,U_TURN,near_straight_lt5deg,0.26029264826708554,4.599692884969034,3.636110274753748,0.09695911235280305,0.2264656219832553,0.2191476704508543,-0.1647739474248446,-0.14448269001534678
6114,session_007_20260112-154227,20260112-154727,114,nonstop,U_TURN,near_straight_lt5deg,0.18802673075251614,4.32423204586557,4.831242216050264,0.07517054412064926,0.1668389931785952,0.3116286667694793,-0.1386857805197303,-0.27906751913140365
6115,session_007_20260112-154227,20260112-154727,115,nonstop,U_TURN,gentle_bend_5to15deg,0.2142507865024813,4.080543056609781,6.376974903530461,0.09105398839276518,0.18912033115182628,0.37000042561300234,-0.15811881133682287,-0.33451271493806195
6116,session_007_20260112-154227,20260112-154727,116,nonstop,U_TURN,gentle_bend_5to15deg,0.1950415437677562,3.8547557135816115,14.799371901674391,0.07541200903436651,0.17005931795611673,0.4225146493615055,-0.16756111878634133,-0.38786840602986167
6117,session_007_20260112-154227,20260112-154727,117,nonstop,U_TURN,low_motion_or_partial_stop,0.16831426652469944,3.6457267429163416,33.43165217555787,0.04796291934005037,0.13487967247631952,0.38973785228795294,,
6118,session_007_20260112-154227,20260112-154727,118,nonstop,U_TURN,low_motion_or_partial_stop,0.15732420740519404,3.440255892731316,64.93276897509716,0.02982825917465018,0.1316944465653847,0.36107272491815157,,
6119,session_007_20260112-154227,20260112-154727,119,nonstop,U_TURN,low_motion_or_partial_stop,0.1765276586142334,3.243447260621624,129.34645577840482,0.023041764179625463,0.1442312765590029,0.45189606479631156,,
6120,session_007_20260112-154227,20260112-154727,120,nonstop,U_TURN,low_motion_or_partial_stop,0.2142307655029001,3.0611754059324303,152.89521735661754,0.03496725926975548,0.18021384842618554,0.47573708247434504,,
6121,session_007_20260112-154227,20260112-154727,121,nonstop,U_TURN,low_motion_or_partial_stop,0.1905173782743034,2.886864321213442,168.28814122572237,0.029792240236218244,0.16108452534575268,0.41001117674164383,,
6122,session_007_20260112-154227,20260112-154727,122,nonstop,U_TURN,low_motion_or_partial_stop,0.11944160297621609,2.707784830238278,195.71292804949385,0.018567529985996242,0.0838250060507816,0.24525082038370793,,
6123,session_007_20260112-154227,20260112-154727,123,nonstop,U_TURN,low_motion_or_partial_stop,0.13215396181799668,2.542068618362287,200.69004427582098,0.01722054268868262,0.10024664016188325,0.2449469385661382,,
6124,session_007_20260112-154227,20260112-154727,124,nonstop,U_TURN,low_motion_or_partial_stop,0.11778308216996446,2.3874342526690424,197.70958472840667,0.02194150071848909,0.09424655316116715,0.16335104591725402,,
6125,session_007_20260112-154227,20260112-154727,125,nonstop,U_TURN,low_motion_or_partial_stop,0.05409221583187806,2.2259534100718983,209.63406526801754,0.02239807886317547,0.033565350154704944,0.11963998676569634,,
6126,session_007_20260112-154227,20260112-154727,126,nonstop,U_TURN,low_motion_or_partial_stop,0.0981513549188664,2.0619560061020863,214.55845788274524,0.043561101617331066,0.04930525206572759,0.2295279873113891,,
6127,session_007_20260112-154227,20260112-154727,127,nonstop,U_TURN,low_motion_or_partial_stop,0.0858538605409069,1.8979428923663737,209.48418201028275,0.030446765169662052,0.023504943848044427,0.21532502527691041,,
6128,session_007_20260112-154227,20260112-154727,128,nonstop,U_TURN,low_motion_or_partial_stop,0.10885997755540049,1.7390865184305146,243.2272018195662,0.030394326891401348,0.03761460270241991,0.28111177028592477,,
6129,session_007_20260112-154227,20260112-154727,129,nonstop,U_TURN,low_motion_or_partial_stop,0.18111140810220142,1.5827528840291283,289.5827407171268,0.043785480423529206,0.0842477102422485,0.37770445510241707,,
6130,session_007_20260112-154227,20260112-154727,130,nonstop,U_TURN,low_motion_or_partial_stop,0.1698704190167207,1.4366228963880339,311.3806395192285,0.05255977574494336,0.07680400488816272,0.3149039023439308,,
6131,session_007_20260112-154227,20260112-154727,131,nonstop,U_TURN,low_motion_or_partial_stop,0.22154312934167691,1.292522133163395,324.6425701462194,0.0710308969570682,0.1279759130872676,0.3631639813819466,-0.10075600194719081,0.34890730208008625
6132,session_007_20260112-154227,20260112-154727,132,nonstop,U_TURN,low_motion_or_partial_stop,0.20436951934560826,1.1496241222234354,330.51071304944185,0.039077545723543904,0.08905602663197873,0.28905704776441044,-0.061931581164008404,0.28234456983764095
6133,session_007_20260112-154227,20260112-154727,133,nonstop,U_TURN,low_motion_or_partial_stop,0.18795990150042183,1.011349808098814,335.97767751103197,0.04212913150222981,0.07744349416278308,0.22103001006041106,-0.023822278045654524,0.21974249569899068
6134,session_007_20260112-154227,20260112-154727,134,nonstop,U_TURN,low_motion_or_partial_stop,0.20872287022890992,0.885727215798078,340.8135568678856,0.046123430446192576,0.09139732047185722,0.19055666432583493,-0.02402965385319667,0.18903549416626628
6135,session_007_20260112-154227,20260112-154727,135,nonstop,U_TURN,low_motion_or_partial_stop,0.2160109500671004,0.7431881188848111,342.78732278939236,0.051081035832588946,0.09886930648681146,0.12468063640558157,-0.024692224994265592,0.12221110882130723
6136,session_007_20260112-154227,20260112-154727,136,nonstop,U_TURN,low_motion_or_partial_stop,0.2564515950600361,0.6193013828081573,344.8496220332097,0.07849873126307365,0.13251420978691408,0.10760666883134343,-0.03721372353183245,0.10096699439853976
6137,session_007_20260112-154227,20260112-154727,137,nonstop,U_TURN,low_motion_or_partial_stop,0.24746730089276517,0.5102464169010766,347.1217598558418,0.023985017021358575,0.05488255328073818,0.038401277669622175,-0.035339985372487566,0.01502476490770446
6138,session_007_20260112-154227,20260112-154727,138,nonstop,U_TURN,low_motion_or_partial_stop,0.3118422048448713,0.4077901360425251,347.93639908504184,0.03227426294566875,0.07242752286920992,0.04996946195730011,-0.04996192872008103,-0.0008676444384682538
6139,session_007_20260112-154227,20260112-154727,139,nonstop,U_TURN,low_motion_or_partial_stop,0.2863259384771504,0.30912965111125595,349.5860699216099,0.03182222175042768,0.07041034507531208,0.1278102199388779,-0.04661369699462152,-0.11900678792958808
6140,session_007_20260112-154227,20260112-154727,140,nonstop,U_TURN,low_motion_or_partial_stop,0.25957850507128755,0.22930392761975446,350.7292848755951,0.0305661022510279,0.06984320175428067,0.26469056183168144,-0.05058343728630296,-0.2598122579769358
6141,session_007_20260112-154227,20260112-154727,141,nonstop,U_TURN,low_motion_or_partial_stop,0.2554634290401374,0.1444087196669257,351.397539810743,0.058351144241082474,0.10236850446830682,0.37409730774459204,-0.05467851989196315,-0.37007979561734544
6142,session_007_20260112-154227,20260112-154727,142,depart,U_TURN,low_motion_or_partial_stop,0.23896506659107747,0.0819825766623215,351.69218029570925,0.020922734209679026,0.05570462849074634,0.4969491294852474,-0.058161720814051465,-0.4935338403069171
6143,session_007_20260112-154227,20260112-154727,143,depart,U_TURN,low_motion_or_partial_stop,0.22646636252524088,0.04204953864345536,352.4167852647817,0.017911602756696895,0.061115031075606216,0.6276069607189644,-0.06572486995724136,-0.6241560210492242
6144,session_007_20260112-154227,20260112-154727,144,depart,U_TURN,low_motion_or_partial_stop,0.2420507441334342,0.031845242845729364,352.57148858719717,0.01798122757132243,0.06558705928493927,0.7069889565424572,-0.07059515290541797,-0.7034555487443775
6145,session_007_20260112-154227,20260112-154727,145,depart,U_TURN,low_motion_or_partial_stop,0.2407232184256414,0.04629198462681363,352.2739263704429,0.017723149365532424,0.06751392339398515,0.8081678391833779,-0.07112212314187413,-0.8050322353111845
6146,session_007_20260112-154227,20260112-154727,146,depart,U_TURN,low_motion_or_partial_stop,0.21474928944953411,0.0383765144423234,352.46636064063495,0.02805408616731587,0.11210920518669666,0.9741380227092092,-0.0680201288959445,-0.971760335346523
6147,session_007_20260112-154227,20260112-154727,147,depart,U_TURN,low_motion_or_partial_stop,0.20091903980799558,0.03382337316298555,155.4041676448076,0.02139896698932164,0.1400082503698866,1.1499584192575811,-0.06088502360517653,-1.148345496756961
6148,session_007_20260112-154227,20260112-154727,148,depart,U_TURN,low_motion_or_partial_stop,0.21996900327538244,0.035055727557282396,150.78802707494395,0.01900586843897815,0.16953534794918668,1.258880660377192,-0.03729177475636014,-1.2583281927252667
6149,session_007_20260112-154227,20260112-154727,149,depart,U_TURN,low_motion_or_partial_stop,0.24538547614368106,0.029459485898403144,154.1387181465564,0.016637958256119176,0.18993523815982483,1.3563116768035535,0.005034883877147456,-1.3563023315537028
6150,session_007_20260112-154227,20260112-154727,150,depart,U_TURN,low_motion_or_partial_stop,0.26439362736908967,0.028855186935701372,142.6316062937131,0.01728712566358301,0.2316878360417931,1.4893334918313745,0.03428767485169815,-1.4889387513406651
6151,session_007_20260112-154227,20260112-154727,151,depart,U_TURN,low_motion_or_partial_stop,0.2888111614499145,0.03276173693827251,138.16167948554414,0.030079416812768593,0.2644832046493696,1.5773495137773919,0.058999586918959956,-1.5762457097030165
6152,session_007_20260112-154227,20260112-154727,152,depart,U_TURN,low_motion_or_partial_stop,0.3205111149500104,0.0328917715339853,143.72366849137634,0.024657059651618428,0.3072677847545105,1.5923122441786084,0.03442238332013592,-1.5919401315651536
6153,session_007_20260112-154227,20260112-154727,153,depart,U_TURN,low_motion_or_partial_stop,0.3373864668517864,0.029665424188848266,110.52810514726319,0.025163387578032135,0.32696320214076613,1.4813125418875899,-0.033507844356335637,-1.4809335134029695
6154,session_007_20260112-154227,20260112-154727,154,depart,U_TURN,low_motion_or_partial_stop,0.3825961693699339,0.04777599829404702,64.66299243211421,0.022705341626410386,0.37505720793378006,1.599490135930012,-0.028778814627317795,-1.599231213666759
6155,session_007_20260112-154227,20260112-154727,155,depart,U_TURN,low_motion_or_partial_stop,0.44198086802955927,0.0748878876175508,43.37487276434489,0.020925920458357564,0.4341050175146728,1.7055975435490038,-0.019689382497929564,-1.7054838928518927
6156,session_007_20260112-154227,20260112-154727,156,depart,U_TURN,low_motion_or_partial_stop,0.49925870097095226,0.12600547477601445,30.64898270928012,0.02615814600480653,0.4984476555644354,1.7213052905104462,-0.0576950549095262,-1.720338101588824
6157,session_007_20260112-154227,20260112-154727,157,depart,U_TURN,low_motion_or_partial_stop,0.5856316382086457,0.19862715841404313,25.27773843054508,0.02476663781041223,0.5849729742517766,1.9851177574182561,0.02046589713504232,-1.9850122563530292
6158,session_007_20260112-154227,20260112-154727,158,depart,U_TURN,low_motion_or_partial_stop,0.590790994976161,0.2567420277238869,20.2840052544505,0.024804998260597923,0.5900887900844178,1.82608272015883,-0.021399900210118394,-1.8259573229223263
6159,session_007_20260112-154227,20260112-154727,159,depart,U_TURN,low_motion_or_partial_stop,0.6060708584345231,0.3131106788489119,20.79764594097506,0.023769923189620852,0.605513431614157,1.6438672444414293,-0.08155036681735317,-1.6418431883159283
6160,session_007_20260112-154227,20260112-154727,160,depart,U_TURN,low_motion_or_partial_stop,0.6302630952490775,0.398571601050971,21.937526286707538,0.026415382675853166,0.6295322768329252,1.557152384994809,-0.10374199189647315,-1.5536927460770273
6161,session_007_20260112-154227,20260112-154727,161,depart,U_TURN,left_bend_ge15deg,0.6013038099163466,0.47346824698188067,24.784274591226133,0.03840385677868367,0.5997255964909974,1.4045913480221255,-0.16396096057539977,-1.3949887663869567
6162,session_007_20260112-154227,20260112-154727,162,nonstop,U_TURN,left_bend_ge15deg,0.542387944197184,0.54219422229398,26.82744167091102,0.04472994308618501,0.5399476430081643,1.171309118377778,-0.21509772819662842,-1.151389603096874
6163,session_007_20260112-154227,20260112-154727,163,nonstop,U_TURN,left_bend_ge15deg,0.42351874700194037,0.63547021261481,27.51509819429669,0.0625156451966856,0.4178433263289153,0.9603237553541074,-0.2306511003044754,-0.9322133795573577
6164,session_007_20260112-154227,20260112-154727,164,nonstop,U_TURN,left_bend_ge15deg,0.36292250114738944,0.7118384946521921,28.725755414736668,0.062196994377972034,0.355531754133567,0.6386728249463616,-0.2683580537445018,-0.5795575314974595
6165,session_007_20260112-154227,20260112-154727,165,nonstop,U_TURN,left_bend_ge15deg,0.28373536196132576,0.779462966292776,30.699761695905668,0.05073353778685246,0.2731538883666641,0.8066823780671412,-0.08253700656915608,-0.8024488155830634
6166,session_007_20260112-154227,20260112-154727,166,nonstop,U_TURN,left_bend_ge15deg,0.22279236593763518,0.8400242443650344,32.25122566289219,0.05128105692377267,0.21171415044881547,0.5074972746063404,-0.15579991248656228,-0.48299054959910215
6167,session_007_20260112-154227,20260112-154727,167,nonstop,U_TURN,left_bend_ge15deg,0.17754259995779148,0.8883895975052437,34.250184976752465,0.053576470253538254,0.1541919334907878,0.5838609171248883,-0.19271305386347795,-0.5511399544730249
6168,session_007_20260112-154227,20260112-154727,168,nonstop,U_TURN,left_bend_ge15deg,0.10733765227981269,0.9176533292312734,37.036711227306924,0.06350285782513802,0.06747449981430288,0.3875684814247153,-0.36450822652440634,-0.13169313038230934
6169,session_007_20260112-154227,20260112-154727,169,nonstop,U_TURN,left_bend_ge15deg,0.08887770083449156,0.9309364977246603,39.687921727585234,0.06815305037979266,0.045814273573946095,0.48059814542046214,-0.4694611921429004,0.10286285264056419
6170,session_007_20260112-154227,20260112-154727,170,nonstop,U_TURN,left_bend_ge15deg,0.10927177808077657,0.9254785694573141,42.271883331799025,0.057635926249383344,0.07530819545482936,0.3729342213467574,-0.3615102097921655,-0.09159858987744687
6171,session_007_20260112-154227,20260112-154727,171,nonstop,U_TURN,left_bend_ge15deg,0.10742910570131776,0.9177294641104853,45.04510544167269,0.06065285241558097,0.0757283929704658,0.443410813530765,-0.4307697331913754,0.10512176997295117
6172,session_007_20260112-154227,20260112-154727,172,nonstop,U_TURN,left_bend_ge15deg,0.11010375527564693,0.9276096399530465,47.838445911459786,0.06157959578860782,0.07283209294104359,0.4497510016294774,-0.44962644904576077,0.010583939966667733
6173,session_007_20260112-154227,20260112-154727,173,nonstop,U_TURN,left_bend_ge15deg,0.1704062512903167,0.952189017470009,50.30979846347452,0.05454516904268861,0.15904745308752866,0.5451276875627776,-0.25073467765870733,-0.48404164817392037
6174,session_007_20260112-154227,20260112-154727,174,nonstop,U_TURN,left_bend_ge15deg,0.16303772023465424,1.0118493279067828,52.41409037647786,0.06720936187071266,0.1477220759294771,0.5255830198183064,-0.17483792593407482,-0.4956502904028213
6175,session_007_20260112-154227,20260112-154727,175,nonstop,U_TURN,left_bend_ge15deg,0.3149643062626774,1.107955796807857,54.64984736345715,0.07303106245071442,0.3015903918368173,1.2279777590629801,0.108743856682049,-1.223153363396125
6176,session_007_20260112-154227,20260112-154727,176,nonstop,U_TURN,left_bend_ge15deg,0.44810191422627765,1.1983171386854767,57.1147749415693,0.10619373154273024,0.4319428792823211,1.5482909860939098,0.3551788288499427,-1.5070013195602832
6177,session_007_20260112-154227,20260112-154727,177,nonstop,U_TURN,left_bend_ge15deg,0.41412073117032094,1.2291409773255113,59.35297923108543,0.07510534417237741,0.40314711086371674,1.531234982661565,0.1317949628487386,-1.5255525752638823
6178,session_007_20260112-154227,20260112-154727,178,nonstop,U_TURN,left_bend_ge15deg,0.4369912041603749,1.2218222118188702,61.81024917671307,0.08926496739384399,0.4253606989956855,1.7031409700949096,0.2242051560537036,-1.688319049236478
6179,session_007_20260112-154227,20260112-154727,179,nonstop,U_TURN,left_bend_ge15deg,0.45523673405727993,1.2340786697182706,64.28289770501206,0.11693215354833109,0.4382994499682385,1.6931137737564368,0.23397290435516727,-1.676869383974605
6180,session_007_20260112-154227,20260112-154727,180,nonstop,U_TURN,left_bend_ge15deg,0.3690634602339389,1.2292058199396987,66.80121646330991,0.08978320166819696,0.35552429375089356,1.582287628814971,-0.13741053823305105,-1.576309767870328
6181,session_007_20260112-154227,20260112-154727,181,nonstop,U_TURN,left_bend_ge15deg,0.32185858669218115,1.192511043504804,69.15870623842838,0.0901301753500494,0.30173565510041733,1.5474463256256215,-0.40838416477349104,-1.4925858449866443
6182,session_007_20260112-154227,20260112-154727,182,nonstop,U_TURN,left_bend_ge15deg,0.36069948772136917,1.2295361598826156,71.87090383194345,0.1038711323921061,0.34302482442031446,1.5938481478111497,-0.34244993064365925,-1.5566245415266926
6183,session_007_20260112-154227,20260112-154727,183,nonstop,U_TURN,left_bend_ge15deg,0.4616916103839521,1.3233353249186075,74.64790556269888,0.11992095409813913,0.4413613880631719,1.8910599759985691,0.049553794064805645,-1.89041060468817
6184,session_007_20260112-154227,20260112-154727,184,nonstop,U_TURN,left_bend_ge15deg,0.613836578157204,1.3814966147913417,77.65317272490836,0.1799134062680515,0.5848024664552879,2.331092289315304,0.4417130842488764,-2.2888601557344237
6185,session_007_20260112-154227,20260112-154727,185,nonstop,U_TURN,left_bend_ge15deg,0.6380401233582773,1.441467600257201,80.69934507740109,0.17790220067034357,0.610859394563998,2.545470060742355,0.5455010477012681,-2.4863319241590625
6186,session_007_20260112-154227,20260112-154727,186,nonstop,U_TURN,left_bend_ge15deg,0.9780303640575445,1.5645645297636204,83.97784854561048,0.26046438811784467,0.9354007564585275,3.890720578106318,1.631180506401434,-3.532273598185158
6187,session_007_20260112-154227,20260112-154727,187,nonstop,U_TURN,left_bend_ge15deg,1.0420701353507182,1.6349649824331185,86.97448129646888,0.30211016389059514,0.9892167703794348,3.981043855430634,1.7949392620196856,-3.5534354116153897
6188,session_007_20260112-154227,20260112-154727,188,nonstop,U_TURN,left_bend_ge15deg,0.8603530609665748,1.6464647261932892,89.5377775642481,0.1899607070746005,0.8343002345893782,3.449764747038329,1.0943763533608286,-3.2715771742560316
6189,session_007_20260112-154227,20260112-154727,189,nonstop,U_TURN,left_bend_ge15deg,0.8792408192359877,1.704370256548298,91.87633963800681,0.13999846915453398,0.8640484629135156,3.6085385453657417,0.7375862870349542,-3.5323528847735886
6190,session_007_20260112-154227,20260112-154727,190,nonstop,U_TURN,left_bend_ge15deg,0.8234773568118118,1.7819199479753318,94.21174301362403,0.07542348031266086,0.8105785058076128,3.586138681468267,-0.09586916999121498,-3.58485700481458
6191,session_007_20260112-154227,20260112-154727,191,nonstop,U_TURN,left_bend_ge15deg,0.733634445245598,1.8170419787758778,96.09569167190531,0.21457040697444324,0.6964105595167227,3.7013421648095886,-1.0750475907992065,-3.541780131306029
6192,session_007_20260112-154227,20260112-154727,192,nonstop,U_TURN,left_bend_ge15deg,0.846909142700849,1.8640844323969366,98.0300221959732,0.17961600435543643,0.8189757647520615,3.9045128507862827,-0.7357505278986072,-3.8345653942333735
6193,session_007_20260112-154227,20260112-154727,193,nonstop,U_TURN,left_bend_ge15deg,0.8983214350045322,1.9372370690887004,100.04779299032309,0.060699068396486484,0.8931770050067733,3.7771457547615883,-0.15436566250578398,-3.7739901026569527
6194,session_007_20260112-154227,20260112-154727,194,nonstop,U_TURN,left_bend_ge15deg,0.9271976322410456,1.9563813233227636,101.37945453852984,0.0729167769390569,0.918484956029848,3.93143636326272,-0.2779651108324305,-3.9215975412507995
6195,session_007_20260112-154227,20260112-154727,195,nonstop,U_TURN,left_bend_ge15deg,0.9742930746637458,1.9575693983209388,102.38954782050635,0.08158215948297703,0.9661730728370185,4.188383266271859,-0.45401593401449536,-4.163703149462876
6196,session_007_20260112-154227,20260112-154727,196,nonstop,U_TURN,left_bend_ge15deg,0.9465567409277162,2.0171353527751696,103.38685886939727,0.10237174058466338,0.9327030986580865,4.258595795738256,-0.42393844966280103,-4.237441957405087
6197,session_007_20260112-154227,20260112-154727,197,nonstop,U_TURN,left_bend_ge15deg,1.124531111807979,2.1196953254189954,103.93351123169111,0.08700390680881712,1.1185656410668303,4.289430252748258,-0.3866472190228124,-4.271968611918154
6198,session_007_20260112-154227,20260112-154727,198,nonstop,U_TURN,left_bend_ge15deg,1.1760985665033468,2.233848018007726,104.13399527896411,0.10629830626933,1.1614127089840978,4.972149516933033,0.12014602630509086,-4.9706977127059835
6199,session_007_20260112-154227,20260112-154727,199,nonstop,U_TURN,left_bend_ge15deg,1.2402779062423979,2.3497231594571066,104.21388636605067,0.16083316084260801,1.2217660329552185,5.200841098791168,-0.3905523707384264,-5.186156281928449
6200,session_007_20260112-154227,20260112-154727,200,nonstop,U_TURN,left_bend_ge15deg,1.340561891926775,2.4794167283722186,103.89243943098045,0.10782275520319634,1.331548382218309,5.37710679891038,0.21762026302191595,-5.372701271056349
6201,session_007_20260112-154227,20260112-154727,201,nonstop,U_TURN,left_bend_ge15deg,1.3799205502279466,2.595589743007748,102.74487627163327,0.12670298593962162,1.369110812912389,5.635177782143397,0.3114018363754687,-5.626567117938305
6202,session_007_20260112-154227,20260112-154727,202,nonstop,U_TURN,left_bend_ge15deg,1.4032936218783898,2.6992089628906015,101.554176383334,0.07485799895189732,1.3979753542364113,5.418310515968716,-0.06338197808621082,-5.417939790391828
6203,session_007_20260112-154227,20260112-154727,203,nonstop,U_TURN,left_bend_ge15deg,1.430347703824367,2.802876896170344,100.4728090726455,0.33289392197106976,1.3892129575251178,5.941080502048562,-1.1711229774664846,-5.824509292933751
6204,session_007_20260112-154227,20260112-154727,204,nonstop,U_TURN,left_bend_ge15deg,1.3950922704147284,2.907508454132721,99.61316374672941,0.44903637410150354,1.3122438285555638,6.116065824496928,-1.2163911469058672,-5.9938846958636365
6205,session_007_20260112-154227,20260112-154727,205,nonstop,U_TURN,left_bend_ge15deg,1.553081924784213,3.0012936426301375,98.58226948037334,0.8154927074370536,1.307319542790389,6.97362028083397,-2.644975439877213,-6.4525564502532795
6206,session_007_20260112-154227,20260112-154727,206,nonstop,U_TURN,left_bend_ge15deg,1.5112967059011502,3.0834871774527604,96.80684320766251,0.8751447941011552,1.2090885507108171,6.855911389381541,-2.7213414065026686,-6.292680027484761
6207,session_007_20260112-154227,20260112-154727,207,nonstop,U_TURN,left_bend_ge15deg,1.6563816928458135,3.144433217929694,93.78652871881985,1.0255143966536464,1.2676711980626425,7.327741346746974,-3.098135196845156,-6.640583675166995
6208,session_007_20260112-154227,20260112-154727,208,nonstop,U_TURN,left_bend_ge15deg,1.667884495591779,3.1802532617512203,89.78148372000989,1.1738361027577722,1.1590777782620918,7.352048645493345,-4.093439955880191,-6.107075291275204
6209,session_007_20260112-154227,20260112-154727,209,nonstop,U_TURN,left_bend_ge15deg,1.6718462060649268,3.231999583467201,85.00358791066647,1.3293200183370009,0.9550876460889168,7.2284609092727345,-4.7300554657814535,-5.4660060745955095
6210,session_007_20260112-154227,20260112-154727,210,nonstop,U_TURN,left_bend_ge15deg,1.6875207359120614,3.290414002691693,80.06022132741215,1.439092558574038,0.7822927337127754,6.909447680229397,-4.966085659901387,-4.804004627844275
6211,session_007_20260112-154227,20260112-154727,211,nonstop,U_TURN,left_bend_ge15deg,1.6352808692657526,3.3528326848605134,76.97910189882697,1.3941896643856817,0.7554830545308401,6.485214924040427,-4.754563803589361,-4.410457532795725
6212,session_007_20260112-154227,20260112-154727,212,nonstop,U_TURN,left_bend_ge15deg,1.535630739049874,3.4253868442429414,73.5145567594442,1.297179858997258,0.8012541384025661,6.154960513431166,-4.83742679276901,-3.8056327918622634
6213,session_007_20260112-154227,20260112-154727,213,nonstop,U_TURN,left_bend_ge15deg,1.5342940762069128,3.5099800726442556,69.10111809468022,1.2858713410835627,0.8288789986962327,5.96316062388189,-4.871524874084457,-3.4391176233725815
6214,session_007_20260112-154227,20260112-154727,214,nonstop,U_TURN,left_bend_ge15deg,1.4518944225213506,3.5743829934648406,64.00867912402315,1.2382373645036626,0.75097038433307,5.660585636061379,-4.7913312632469856,-3.01419549283328
6215,session_007_20260112-154227,20260112-154727,215,nonstop,U_TURN,left_bend_ge15deg,1.4791652115962992,3.6266707756865273,59.81553757889347,1.2949484874522152,0.7095537982739395,5.465272705277061,-4.701311988624191,-2.7869107141537413
6216,session_007_20260112-154227,20260112-154727,216,nonstop,U_TURN,left_bend_ge15deg,1.3232691052530132,3.673500987721147,55.57842101899393,1.2136773615053165,0.515255511199171,4.852504411690556,-4.3513316535052065,-2.147722492939894
6217,session_007_20260112-154227,20260112-154727,217,nonstop,U_TURN,left_bend_ge15deg,1.178091188883363,3.7195329320342356,51.52906817670132,1.1220865922232581,0.32603919198035464,4.156138652014049,-3.8441799436254804,-1.579800321494067
6218,session_007_20260112-154227,20260112-154727,218,nonstop,U_TURN,left_bend_ge15deg,1.139162949257008,3.7734794302131376,46.83089282904536,1.099632788803174,0.2744353859547407,3.791428374653505,-3.5853092910838322,-1.2330800490623728
6219,session_007_20260112-154227,20260112-154727,219,nonstop,U_TURN,left_bend_ge15deg,0.9500507939692153,3.85774474848899,42.00263220585938,0.9359905464187025,0.14656494631062517,3.0310884662163144,-2.9568875957926757,-0.6665681029549622
6220,session_007_20260112-154227,20260112-154727,220,nonstop,U_TURN,left_bend_ge15deg,0.6414137421111062,3.9525044970656555,37.846240173121295,0.6313816700037964,0.0892597286451646,1.699625816217808,-1.6527678199200306,-0.39634132839112246
6221,session_007_20260112-154227,20260112-154727,221,nonstop,U_TURN,left_bend_ge15deg,0.4699267536487843,4.059785689542452,33.494605589225266,0.4492673235351574,0.11813006812107082,1.1407017983515106,-0.9710942769586517,-0.5984784858460025
6222,session_007_20260112-154227,20260112-154727,222,nonstop,U_TURN,left_bend_ge15deg,0.2696165125894233,4.170033199968562,29.83169392551255,0.16866976635944678,0.1856750276646358,0.6328595219945348,0.041882991924864055,-0.6314720813833123
6223,session_007_20260112-154227,20260112-154727,223,nonstop,U_TURN,left_bend_ge15deg,0.3800916718864312,4.274302710394777,25.9395494577598,0.1200610367041618,0.35078887158886995,1.1759194934468218,0.7646317945230762,-0.8933783486701761
98512,session_096_20260219-105524,20260219-105828,112,nonstop,U_TURN,gentle_bend_5to15deg,0.17044676464118497,7.620607437181866,9.958297314503888,0.07208928951910534,0.1422062939838614,0.46370082583470357,0.44077232474007044,-0.1440076859859224
98513,session_096_20260219-105524,20260219-105828,113,nonstop,U_TURN,gentle_bend_5to15deg,0.11119557052112979,7.538048826832112,10.049994538363157,0.04593031415712176,0.08553660432759858,0.3824067139116918,0.37164312282419476,0.09009042181174977
98514,session_096_20260219-105524,20260219-105828,114,nonstop,U_TURN,gentle_bend_5to15deg,0.07782984340412508,7.4262181660301545,10.102760373381951,0.03955875390455643,0.05726684387692038,0.2895497517299828,0.2867403415114853,-0.04023723743960857
98515,session_096_20260219-105524,20260219-105828,115,nonstop,U_TURN,gentle_bend_5to15deg,0.05230156738516599,7.31582615475361,10.418253325406956,0.0408370681831993,0.02722041538177737,0.27796193839324046,0.2717761983245496,0.05831412538641659
98516,session_096_20260219-105524,20260219-105828,116,nonstop,U_TURN,gentle_bend_5to15deg,0.07156746217927465,7.187346550477113,10.64893453168774,0.06292005569518254,0.025898905853748794,0.3904054927019544,0.3450259526686978,0.1826842651048887
98517,session_096_20260219-105524,20260219-105828,117,nonstop,U_TURN,gentle_bend_5to15deg,0.052656500954070665,7.067792620648803,10.714192852032054,0.04865391141556776,0.01476223832687441,0.2887400221278965,0.25743525095071634,0.13075890771324095
98518,session_096_20260219-105524,20260219-105828,118,nonstop,U_TURN,gentle_bend_5to15deg,0.06451868669970988,6.937536164750903,10.64269987065884,0.05852078187799743,0.025967389656361726,0.2562377458577105,0.24792277898150308,0.06474625907594508
98519,session_096_20260219-105524,20260219-105828,119,nonstop,U_TURN,gentle_bend_5to15deg,0.07816921246102551,6.804956152584673,10.690616426056774,0.07613949880476265,0.01592508150776576,0.30370602074967107,0.30165369820812005,0.035247601293762434
98520,session_096_20260219-105524,20260219-105828,120,nonstop,U_TURN,gentle_bend_5to15deg,0.08619318731392189,6.678775432673797,10.534995955104145,0.05466896190561346,0.06327505259094536,0.17376910623881886,0.15738583348134766,0.07365732619651232
98521,session_096_20260219-105524,20260219-105828,121,nonstop,U_TURN,gentle_bend_5to15deg,0.11997118723362397,6.555842680133881,10.230613517552062,0.05369572880767909,0.10449568115449498,0.1580860024974931,0.14289959850250825,-0.06760834958390377
98522,session_096_20260219-105524,20260219-105828,122,nonstop,U_TURN,gentle_bend_5to15deg,0.10980548345324098,6.435878616599357,9.989830782973568,0.01795898151728514,0.10626906915248031,0.1028328317975764,-0.07792922796908633,-0.06709416311163596
98523,session_096_20260219-105524,20260219-105828,123,nonstop,U_TURN,gentle_bend_5to15deg,0.15522670494981375,6.318502016503944,9.693067266625293,0.030448822769936344,0.1513064096097925,0.43301716705578386,-0.1661475970388656,-0.3998735337118817
98524,session_096_20260219-105524,20260219-105828,124,nonstop,U_TURN,gentle_bend_5to15deg,0.1549155560988868,6.199026629129394,9.412854255266273,0.032635275667708796,0.14989027919677,0.42715702952373724,-0.15939051096823284,-0.39630517645474755
98525,session_096_20260219-105524,20260219-105828,125,nonstop,U_TURN,gentle_bend_5to15deg,0.1871135899066641,6.079468471014886,8.986442036659408,0.04762466408287977,0.17935457456563905,0.515239015730046,-0.24243713040278114,-0.4546377471487949
98526,session_096_20260219-105524,20260219-105828,126,nonstop,U_TURN,gentle_bend_5to15deg,0.20060918475509754,5.949722548795335,8.751917596190323,0.049438054360491764,0.19217455406316972,0.5521040295460367,-0.27159741291549283,-0.480680460117303
98527,session_096_20260219-105524,20260219-105828,127,nonstop,U_TURN,gentle_bend_5to15deg,0.20705415744110195,5.815867548627241,8.509864291525886,0.06441862647947817,0.19274521171177406,0.5179647865274063,-0.3416481377028152,-0.38931230405238904
98528,session_096_20260219-105524,20260219-105828,128,nonstop,U_TURN,gentle_bend_5to15deg,0.13964163815612382,5.65846669919699,7.858536591574376,0.06700316367515996,0.11305090999776014,0.39185302208524714,-0.36625635569211307,-0.13930209198886268
98529,session_096_20260219-105524,20260219-105828,129,nonstop,U_TURN,gentle_bend_5to15deg,0.10582303936166604,5.5165757336114245,7.57400305222697,0.09192971730081384,0.03821261976975732,0.5010833181575263,-0.49532575155254166,0.07574227079158906
98530,session_096_20260219-105524,20260219-105828,130,nonstop,U_TURN,gentle_bend_5to15deg,0.11625933764120684,5.355723778188572,7.146888147815836,0.1102828798322026,0.018774954590476147,0.6157466732426009,-0.5951198043421557,0.15803918529619376
98531,session_096_20260219-105524,20260219-105828,131,nonstop,U_TURN,gentle_bend_5to15deg,0.1463229930422121,5.2085565535161935,6.624908345642417,0.12807512840431684,0.061428569518030884,0.7332925706343099,-0.636578278675683,0.36398638609950623
98532,session_096_20260219-105524,20260219-105828,132,nonstop,U_TURN,gentle_bend_5to15deg,0.16184108938391123,5.051137742696247,6.176920611192009,0.1353050925027055,0.0825407637525658,0.7681438551404457,-0.6444665735417219,0.41798064282621783
98533,session_096_20260219-105524,20260219-105828,133,nonstop,U_TURN,gentle_bend_5to15deg,0.14947746770223141,4.898120884321547,5.954700098750853,0.12321447542895762,0.07388665336676019,0.6032021672509449,-0.5401991226747477,0.2683985142240355
98534,session_096_20260219-105524,20260219-105828,134,nonstop,U_TURN,gentle_bend_5to15deg,0.15566482902446788,4.743798911614212,5.465517826985202,0.13946525088987752,0.06309384491652423,0.6397482328513465,-0.5653211529818866,0.2994825461152138
98535,session_096_20260219-105524,20260219-105828,135,nonstop,U_TURN,gentle_bend_5to15deg,0.1525367026250376,4.589075744634504,5.201090972643999,0.13803467683767107,0.03758519501625511,0.6020232814331539,-0.5536440703803723,0.23645353607039943
98536,session_096_20260219-105524,20260219-105828,136,nonstop,U_TURN,near_straight_lt5deg,0.1729144464619103,4.422995353843087,4.44108703083728,0.15086514609377125,0.07908208184532044,0.6962842748552256,-0.5492310864066803,0.42796846278108513
98537,session_096_20260219-105524,20260219-105828,137,nonstop,U_TURN,near_straight_lt5deg,0.1441579358300728,4.269766818174607,3.9943502000649658,0.12545775634359596,0.06258698773200697,0.5367330867575658,-0.45404974402911197,0.28621886095679056
98538,session_096_20260219-105524,20260219-105828,138,nonstop,U_TURN,near_straight_lt5deg,0.18366532875660974,4.111949716824024,3.9288472845659026,0.1519228019082747,0.10086404953813058,0.622697223198995,-0.49009783609586893,0.38413011185519663
98539,session_096_20260219-105524,20260219-105828,139,nonstop,U_TURN,near_straight_lt5deg,0.1784037342401067,3.9561511979487824,3.428265966547973,0.13003553286424904,0.12051883723831212,0.6086764829603649,-0.41638349027758503,0.443972803145931
98540,session_096_20260219-105524,20260219-105828,140,nonstop,U_TURN,near_straight_lt5deg,0.23087710289608793,3.8087431911149943,3.2743996274937586,0.13172498464307447,0.18783513635533075,0.679393319001537,-0.38772003817349365,0.5578964544632533
98541,session_096_20260219-105524,20260219-105828,141,nonstop,U_TURN,near_straight_lt5deg,0.22095742858610534,3.667344178437209,4.134877920996114,0.11625075955560986,0.18357621758078438,0.5303174393733252,-0.30962815354581524,0.4305426727227971
98542,session_096_20260219-105524,20260219-105828,142,nonstop,U_TURN,near_straight_lt5deg,0.20574402297604658,3.4922462449744054,2.758867702158577,0.07590575925925118,0.19005578623220254,0.5436779719598633,-0.2203554883759143,0.497020317428777
98543,session_096_20260219-105524,20260219-105828,143,nonstop,U_TURN,low_motion_or_partial_stop,0.21567899179291944,3.3294193631599223,2.3625298977003006,0.06092526311232542,0.17452337671631024,0.5457159257061142,,
98544,session_096_20260219-105524,20260219-105828,144,nonstop,U_TURN,low_motion_or_partial_stop,0.20207818006090725,3.154155592021591,6.759320001731217,0.045486014467813154,0.16799471737511099,0.49438474917241126,,
98545,session_096_20260219-105524,20260219-105828,145,nonstop,U_TURN,low_motion_or_partial_stop,0.17833371973125922,2.9627565572426446,7.202162327454262,0.02204695552395439,0.15281269255783447,0.42505753764529675,,
98546,session_096_20260219-105524,20260219-105828,146,nonstop,U_TURN,low_motion_or_partial_stop,0.20056743545805628,2.7758523928218657,13.63026741999879,0.007449521275854776,0.17283768071852593,0.4715081314804569,,
98547,session_096_20260219-105524,20260219-105828,147,nonstop,U_TURN,low_motion_or_partial_stop,0.1501677789463629,2.6030524234333425,3.24015883471033,0.012743504632063729,0.13168056724438126,0.3155625825842336,,
98548,session_096_20260219-105524,20260219-105828,148,nonstop,U_TURN,low_motion_or_partial_stop,0.08215796320966559,2.4245774246812286,1.8268769523165564,0.012095083560244756,0.06830940332432972,0.12624804372873993,,
98549,session_096_20260219-105524,20260219-105828,149,nonstop,U_TURN,low_motion_or_partial_stop,0.05299566424362405,2.2504224600439873,56.338128801096296,0.01634071637846884,0.04427469077752712,0.035905162958873776,,
98550,session_096_20260219-105524,20260219-105828,150,nonstop,U_TURN,low_motion_or_partial_stop,0.110081627714687,2.0748519448833735,125.6224336359313,0.02089349576930597,0.08347753431663733,0.20275141834672433,,
98551,session_096_20260219-105524,20260219-105828,151,nonstop,U_TURN,low_motion_or_partial_stop,0.14937674018878805,1.9083624249519109,121.5800588812579,0.01893705827944573,0.11735266751855356,0.26659714671776535,,
98552,session_096_20260219-105524,20260219-105828,152,nonstop,U_TURN,low_motion_or_partial_stop,0.0798564898816144,1.7491276809910066,151.54924957742065,0.028576792450485985,0.04949584813345337,0.15468515691443552,,
98553,session_096_20260219-105524,20260219-105828,153,nonstop,U_TURN,low_motion_or_partial_stop,0.20141948098120863,1.5851437567478304,19.464540195748185,0.013588454404885531,0.12074502129874426,0.31455376335468616,,
98554,session_096_20260219-105524,20260219-105828,154,nonstop,U_TURN,low_motion_or_partial_stop,0.22548364101139315,1.4465360503050422,79.83254812702057,0.012377295869338174,0.14073220844515202,0.32860810352372916,,
98555,session_096_20260219-105524,20260219-105828,155,nonstop,U_TURN,low_motion_or_partial_stop,0.22242258706466037,1.3101825625394505,232.2508270536664,0.014081393259143034,0.14115881279978876,0.312205650388546,,
98556,session_096_20260219-105524,20260219-105828,156,nonstop,U_TURN,low_motion_or_partial_stop,0.1396831960415115,1.1657229498697763,201.97495530737254,0.019004331643986377,0.08570421496900499,0.19773047033425112,,
98557,session_096_20260219-105524,20260219-105828,157,nonstop,U_TURN,low_motion_or_partial_stop,0.08082827324246929,1.0395429662690405,309.51180245137886,0.020421332986380283,0.04567365186457883,0.11476509968691488,,
98558,session_096_20260219-105524,20260219-105828,158,nonstop,U_TURN,low_motion_or_partial_stop,0.07049676932160417,0.9361196222940577,50.47368669992256,0.018529574491980526,0.028625048853468296,0.08987150013474816,,
98559,session_096_20260219-105524,20260219-105828,159,nonstop,U_TURN,low_motion_or_partial_stop,0.05879797225233827,0.8053165360391743,109.40284782158221,0.01728957500208672,0.023340232579120455,0.06965171604904914,,
98560,session_096_20260219-105524,20260219-105828,160,nonstop,U_TURN,low_motion_or_partial_stop,0.13984691763354548,0.6938217635542694,232.36492900110173,0.013257289332115292,0.07295136231114502,0.15866150475693166,,
98561,session_096_20260219-105524,20260219-105828,161,nonstop,U_TURN,low_motion_or_partial_stop,0.17128035026083743,0.5943939825142749,278.83500001731204,0.008739904538532961,0.09373096317397678,0.1892715214639641,,
98562,session_096_20260219-105524,20260219-105828,162,nonstop,U_TURN,low_motion_or_partial_stop,0.13123733079168406,0.4895188439405734,427.9328887396139,0.008939772508171198,0.07244098979115471,0.14218947559203482,,
98563,session_096_20260219-105524,20260219-105828,163,nonstop,U_TURN,low_motion_or_partial_stop,0.10866646735084363,0.39975780817524,194.19133937472273,0.0038485350346091334,0.02667615797377173,0.11236160487355783,,
98564,session_096_20260219-105524,20260219-105828,164,nonstop,U_TURN,low_motion_or_partial_stop,0.1060746600120667,0.31581937011826094,150.6822959522188,0.00312170536525786,0.027205707435105825,0.1045793061544253,,
98565,session_096_20260219-105524,20260219-105828,165,nonstop,U_TURN,low_motion_or_partial_stop,0.06177868668482016,0.24763687306610258,319.7527375474545,0.0033506771490981095,0.015808736269684046,0.05500631236104313,,
98566,session_096_20260219-105524,20260219-105828,166,nonstop,U_TURN,low_motion_or_partial_stop,0.06687816469062526,0.18099797646352403,348.25799996954936,0.0023052783986317804,0.01803390786319861,0.06050718516225551,,
98567,session_096_20260219-105524,20260219-105828,167,nonstop,U_TURN,low_motion_or_partial_stop,0.05299692544975517,0.12853794397105306,544.5817248748345,0.0015140711479926542,0.014497389459840833,0.045220595288565126,,
98568,session_096_20260219-105524,20260219-105828,168,steady,U_TURN,low_motion_or_partial_stop,0.03312170024610641,0.07413686083699966,194.1444155988717,0.0,0.0,0.02696126501359904,,
98569,session_096_20260219-105524,20260219-105828,169,steady,U_TURN,low_motion_or_partial_stop,0.022247492719115025,0.0632880288418708,224.97032424415633,0.0,0.0,0.013047163338503873,,
98570,session_096_20260219-105524,20260219-105828,170,steady,U_TURN,low_motion_or_partial_stop,0.011599960954180146,0.04751027837086259,472.9126484713747,0.0,0.0,0.004201262873356179,,
98571,session_096_20260219-105524,20260219-105828,171,steady,U_TURN,low_motion_or_partial_stop,0.007080560578382393,0.036673168182212196,348.28134286741994,0.0,0.0,0.006247018209485767,,
98572,session_096_20260219-105524,20260219-105828,172,steady,U_TURN,low_motion_or_partial_stop,0.005667350553030711,0.026774199925228618,691.6247651134305,0.0,0.0,0.009159308339475107,,
98573,session_096_20260219-105524,20260219-105828,173,steady,U_TURN,low_motion_or_partial_stop,0.004854776348005417,0.021151979282824265,194.13113668785297,0.0,0.0,0.00890249717169401,,
98574,session_096_20260219-105524,20260219-105828,174,steady,U_TURN,low_motion_or_partial_stop,0.009113686284327927,0.009310158500531894,224.92227310492663,0.0,0.0,0.018492364200112694,,
98575,session_096_20260219-105524,20260219-105828,175,steady,U_TURN,low_motion_or_partial_stop,0.011456795568453314,0.005506126367368126,575.3547449388168,0.0,0.0,0.022026677776339404,,
98576,session_096_20260219-105524,20260219-105828,176,steady,U_TURN,low_motion_or_partial_stop,0.011346043943618416,0.004119848769827296,348.28214571677677,0.0,0.0,0.02188977390233209,,
98577,session_096_20260219-105524,20260219-105828,177,steady,U_TURN,low_motion_or_partial_stop,0.010439246958701244,0.00482930307587445,825.1450637372747,0.0,0.0,0.021032753503257333,,
98578,session_096_20260219-105524,20260219-105828,178,steady,U_TURN,low_motion_or_partial_stop,0.007977172661292668,0.001913527027899982,194.12168713339216,0.0,0.0,0.018797796277524783,,
98579,session_096_20260219-105524,20260219-105828,179,steady,U_TURN,low_motion_or_partial_stop,0.00869396724399111,0.0022196701216539746,224.9056858900963,0.0,0.0,0.019353473365725092,,
98580,session_096_20260219-105524,20260219-105828,180,steady,U_TURN,low_motion_or_partial_stop,0.009036373044405108,0.002317802470029718,332.1721042936487,0.0,0.0,0.019858507839122824,,
98581,session_096_20260219-105524,20260219-105828,181,steady,U_TURN,low_motion_or_partial_stop,0.009076835063284706,0.0026629283418256287,333.1417904961637,0.0,0.0,0.02063483684379626,,
98582,session_096_20260219-105524,20260219-105828,182,steady,U_TURN,low_motion_or_partial_stop,0.007255355584031711,0.0030884320343004742,465.145307349294,0.0,0.0,0.018158013257988145,,
98583,session_096_20260219-105524,20260219-105828,183,steady,U_TURN,low_motion_or_partial_stop,0.007669612721929493,0.002917631849408464,194.12194590144435,0.0,0.0,0.018233417457292535,,
98584,session_096_20260219-105524,20260219-105828,184,steady,U_TURN,low_motion_or_partial_stop,0.008107977293940473,0.0025809263916137834,224.90819181188283,0.0,0.0,0.018860081091268074,,
98585,session_096_20260219-105524,20260219-105828,185,steady,U_TURN,low_motion_or_partial_stop,0.008013160596766784,0.003060299536865193,449.0821032862012,0.0,0.0,0.019346452905064437,,
98586,session_096_20260219-105524,20260219-105828,186,steady,U_TURN,low_motion_or_partial_stop,0.007641323742483653,0.0017387335330548452,333.14198603636584,0.0,0.0,0.018751289210399546,,
98587,session_096_20260219-105524,20260219-105828,187,steady,U_TURN,low_motion_or_partial_stop,0.009034056230722681,0.00022683405088233722,465.14466151959465,0.0,0.0,0.01925784980306597,,
98588,session_096_20260219-105524,20260219-105828,188,steady,U_TURN,low_motion_or_partial_stop,0.009295753731612176,0.0033172956119737218,559.1146365300136,0.0,0.0,0.020197475108543386,,
98589,session_096_20260219-105524,20260219-105828,189,steady,U_TURN,low_motion_or_partial_stop,0.008107921454113598,0.00041349953960763094,224.90521796493093,0.0,0.0,0.019068103444861022,,
98590,session_096_20260219-105524,20260219-105828,190,steady,U_TURN,low_motion_or_partial_stop,0.0074330685557321965,0.001393239325969868,449.081762344229,0.0,0.0,0.01871947729496155,,
98591,session_096_20260219-105524,20260219-105828,191,steady,U_TURN,low_motion_or_partial_stop,0.008187027328084073,0.0011883668511616517,333.1420313008336,0.0,0.0,0.01941908080975812,,
98592,session_096_20260219-105524,20260219-105828,192,steady,U_TURN,low_motion_or_partial_stop,0.008770587650612817,0.0028532891333584915,175.38443950958398,0.0,0.0,0.019203576444301134,,
98593,session_096_20260219-105524,20260219-105828,193,steady,U_TURN,low_motion_or_partial_stop,0.007133066969721746,0.00147769657697301,199.1146934857305,0.0,0.0,0.01863349615340606,,
98594,session_096_20260219-105524,20260219-105828,194,steady,U_TURN,low_motion_or_partial_stop,0.00772539777584512,0.0006145475736168994,571.372105218455,0.0,0.0,0.019050026097619285,,
98595,session_096_20260219-105524,20260219-105828,195,steady,U_TURN,low_motion_or_partial_stop,0.008382508285373475,0.0009608089851608244,449.0820345999848,0.0,0.0,0.018927130079566114,,
98596,session_096_20260219-105524,20260219-105828,196,steady,U_TURN,low_motion_or_partial_stop,0.008769860118415341,0.002569046654931293,379.3538934840197,0.0,0.0,0.01874056439651865,,
98597,session_096_20260219-105524,20260219-105828,197,steady,U_TURN,low_motion_or_partial_stop,0.006748817635752772,0.0018881262419203583,279.0542083468439,0.0,0.0,0.017573701792021175,,
98598,session_096_20260219-105524,20260219-105828,198,steady,U_TURN,low_motion_or_partial_stop,0.007703508599460226,0.0003146081231674778,559.1151335938146,0.0,0.0,0.018313096760746158,,
98599,session_096_20260219-105524,20260219-105828,199,steady,U_TURN,low_motion_or_partial_stop,0.007381367075977098,0.0007098871211753949,337.67629359634293,0.0,0.0,0.01765542297002946,,
98600,session_096_20260219-105524,20260219-105828,200,steady,U_TURN,low_motion_or_partial_stop,0.007873900537052558,0.0006553824396144902,144.64549122797033,0.0,0.0,0.01748616698856357,,
98601,session_096_20260219-105524,20260219-105828,201,steady,U_TURN,low_motion_or_partial_stop,0.007218303692274032,0.0012289090680371287,379.3531635390475,0.0,0.0,0.01731972956427847,,
98602,session_096_20260219-105524,20260219-105828,202,steady,U_TURN,low_motion_or_partial_stop,0.007624279221605829,0.0014499219300125612,440.41307683010587,0.0,0.0,0.017916630823161705,,
98603,session_096_20260219-105524,20260219-105828,203,steady,U_TURN,low_motion_or_partial_stop,0.007334919077676038,0.0016016428499028134,199.11475073831377,0.0,0.0,0.018321519991205924,,
98604,session_096_20260219-105524,20260219-105828,204,steady,U_TURN,low_motion_or_partial_stop,0.007743925957956224,0.0006869881767431384,337.67638992009466,0.0,0.0,0.018026139235003864,,
98605,session_096_20260219-105524,20260219-105828,205,steady,U_TURN,low_motion_or_partial_stop,0.007802767748091121,0.0002573644663039039,220.51225812741848,0.0,0.0,0.018014833766086535,,
98606,session_096_20260219-105524,20260219-105828,206,steady,U_TURN,low_motion_or_partial_stop,0.00784140552921515,0.001952269000159845,289.88677683408594,0.0,0.0,0.018232225871381156,,
98607,session_096_20260219-105524,20260219-105828,207,steady,U_TURN,low_motion_or_partial_stop,0.0072627680185370445,0.0015698918535587097,594.5922966120738,0.0,0.0,0.018453596294379763,,
98608,session_096_20260219-105524,20260219-105828,208,steady,U_TURN,low_motion_or_partial_stop,0.00819900747745929,0.0013586934088959533,199.1151114372644,0.0,0.0,0.019415934329900516,,
98609,session_096_20260219-105524,20260219-105828,209,steady,U_TURN,low_motion_or_partial_stop,0.008395269522133233,0.0006607819300497819,337.6767278229124,0.0,0.0,0.019192808194582214,,
98610,session_096_20260219-105524,20260219-105828,210,steady,U_TURN,low_motion_or_partial_stop,0.00826194532334728,0.0018078949083758756,263.32872328800624,0.0,0.0,0.019233229688987975,,
98611,session_096_20260219-105524,20260219-105828,211,steady,U_TURN,low_motion_or_partial_stop,0.0074090404724763415,0.0021003396069655933,289.88669081685964,0.0,0.0,0.0192522914588073,,
98612,session_096_20260219-105524,20260219-105828,212,steady,U_TURN,low_motion_or_partial_stop,0.007831099052182641,0.0013368470773060933,594.5924559926249,0.0,0.0,0.019055735185535192,,
98613,session_096_20260219-105524,20260219-105828,213,steady,U_TURN,low_motion_or_partial_stop,0.008818308454662296,0.0013769929084456812,493.1472897682664,0.0,0.0,0.019649456852143938,,
98614,session_096_20260219-105524,20260219-105828,214,steady,U_TURN,low_motion_or_partial_stop,0.00794112453583952,0.00020481831789819833,196.07679366386796,0.0,0.0,0.018950145658150744,,
98615,session_096_20260219-105524,20260219-105828,215,steady,U_TURN,low_motion_or_partial_stop,0.007376124877241975,0.0006249142439557783,263.3286509345308,0.0,0.0,0.018986672624258735,,
98616,session_096_20260219-105524,20260219-105828,216,steady,U_TURN,low_motion_or_partial_stop,0.007959018005227055,0.0015989623013343318,289.88659007032084,0.0,0.0,0.01925536029837897,,
98617,session_096_20260219-105524,20260219-105828,217,steady,U_TURN,low_motion_or_partial_stop,0.008876134727747372,0.0012720663522851553,594.5922233245245,0.0,0.0,0.019925082156215284,,
98618,session_096_20260219-105524,20260219-105828,218,steady,U_TURN,low_motion_or_partial_stop,0.008556393205161926,0.0012423606887309556,133.1474129469868,0.0,0.0,0.019590641958751532,,
98619,session_096_20260219-105524,20260219-105828,219,steady,U_TURN,low_motion_or_partial_stop,0.008351059692104064,0.001308818895488371,337.67626384440166,0.0,0.0,0.019828845549237955,,
98620,session_096_20260219-105524,20260219-105828,220,steady,U_TURN,low_motion_or_partial_stop,0.008536269888287911,0.002385868785115728,326.27788117031696,0.0,0.0,0.020374460783909146,,
98621,session_096_20260219-105524,20260219-105828,221,steady,U_TURN,low_motion_or_partial_stop,0.008708348327156421,0.0015308884407182581,289.8864293128666,0.0,0.0,0.02043680331517306,,
98622,session_096_20260219-105524,20260219-105828,222,steady,U_TURN,low_motion_or_partial_stop,0.009272494700253936,0.0032646546468628767,234.59180118163732,0.0,0.0,0.02114710159446398,,
98623,session_096_20260219-105524,20260219-105828,223,steady,U_TURN,low_motion_or_partial_stop,0.008393923800756185,0.0024613760953150297,133.14755370715616,0.0,0.0,0.019299416811517436,,
98624,session_096_20260219-105524,20260219-105828,224,steady,U_TURN,low_motion_or_partial_stop,0.008448701066326222,0.0020621452895456392,407.19003938482524,0.0,0.0,0.01977533968470624,,
98625,session_096_20260219-105524,20260219-105828,225,steady,U_TURN,low_motion_or_partial_stop,0.00876784293402727,0.001515952855940378,444.56494859828337,0.0,0.0,0.02091790954356821,,
98626,session_096_20260219-105524,20260219-105828,226,steady,U_TURN,low_motion_or_partial_stop,0.009527647633383665,0.0012323788368253186,289.88638231866355,0.0,0.0,0.021723038754951993,,
98627,session_096_20260219-105524,20260219-105828,227,steady,U_TURN,low_motion_or_partial_stop,0.008521873102574306,0.0011079327194208023,330.87860471355134,0.0,0.0,0.02028151111111713,,
98628,session_096_20260219-105524,20260219-105828,228,steady,U_TURN,low_motion_or_partial_stop,0.008446743738690652,0.0018753903270549918,211.09565834994072,0.0,0.0,0.020322711471152822,,
98629,session_096_20260219-105524,20260219-105828,229,steady,U_TURN,low_motion_or_partial_stop,0.01005438878795984,0.001198593927732013,575.8793431474636,0.0,0.0,0.022424232763821314,,
98630,session_096_20260219-105524,20260219-105828,230,steady,U_TURN,low_motion_or_partial_stop,0.013797367047250967,0.0011955571109853453,221.2902981067988,0.0,0.0,0.026269511210194368,,
98631,session_096_20260219-105524,20260219-105828,231,steady,U_TURN,low_motion_or_partial_stop,0.015085105982637535,0.0022760913558512834,309.5897475466978,0.0,0.0,0.027176307398536288,,
98632,session_096_20260219-105524,20260219-105828,232,steady,U_TURN,low_motion_or_partial_stop,0.023821271070281955,0.0005490111541214463,294.1783586326625,0.0,0.0,0.036419876496083976,,
98633,session_096_20260219-105524,20260219-105828,233,steady,U_TURN,low_motion_or_partial_stop,0.012486630503344153,0.0006613314733538199,274.064165544227,0.0,0.0,0.02468039495254508,,
98634,session_096_20260219-105524,20260219-105828,234,steady,U_TURN,low_motion_or_partial_stop,0.010967947495224034,0.00041165127759666,702.4484143922533,0.0,0.0,0.022922108192252162,,
98635,session_096_20260219-105524,20260219-105828,235,steady,U_TURN,low_motion_or_partial_stop,0.013060946674937294,0.0008191132728867861,342.9808628086941,0.0,0.0,0.02477604952572315,,
98636,session_096_20260219-105524,20260219-105828,236,steady,U_TURN,low_motion_or_partial_stop,0.012035385842937153,0.001848176322631818,309.58945666057764,0.0,0.0,0.0243289873644208,,
98637,session_096_20260219-105524,20260219-105828,237,steady,U_TURN,low_motion_or_partial_stop,0.009542804024775395,0.0007584706460268253,366.92524568355935,0.0,0.0,0.021046380879342366,,
98638,session_096_20260219-105524,20260219-105828,238,steady,U_TURN,low_motion_or_partial_stop,0.0091491278026984,0.001597641546680195,362.76309455359086,0.0,0.0,0.021015325366160034,,
98639,session_096_20260219-105524,20260219-105828,239,steady,U_TURN,low_motion_or_partial_stop,0.010136133771716087,0.0008045138150579092,342.4486296944195,0.0,0.0,0.022497858049777972,,
98640,session_096_20260219-105524,20260219-105828,240,steady,U_TURN,low_motion_or_partial_stop,0.013754462880115326,0.0009375155600257232,342.98080045855113,0.0,0.0,0.02607701481233508,,
98641,session_096_20260219-105524,20260219-105828,241,steady,U_TURN,low_motion_or_partial_stop,0.012263243154915253,0.0011365972491782137,300.4427564750146,0.0,0.0,0.023548038611549315,,
98642,session_096_20260219-105524,20260219-105828,242,steady,U_TURN,low_motion_or_partial_stop,0.010327142106240902,0.000475130842835216,525.6472252952263,0.0,0.0,0.02262087769299764,,
98643,session_096_20260219-105524,20260219-105828,243,steady,U_TURN,low_motion_or_partial_stop,0.009103257381869682,0.0015152307307594913,531.5884063985982,0.0,0.0,0.021449532745191544,,
98644,session_096_20260219-105524,20260219-105828,244,steady,U_TURN,low_motion_or_partial_stop,0.008428229756858724,0.0013991790737309445,342.44861626562954,0.0,0.0,0.02026837198001047,,
98645,session_096_20260219-105524,20260219-105828,245,steady,U_TURN,low_motion_or_partial_stop,0.007924619851916127,0.0004868072711414586,342.9808801903707,0.0,0.0,0.019551200401312228,,
98646,session_096_20260219-105524,20260219-105828,246,steady,U_TURN,low_motion_or_partial_stop,0.008518937673793754,0.0009506007637642045,300.44279429235485,0.0,0.0,0.019737100199393648,,
98647,session_096_20260219-105524,20260219-105828,247,steady,U_TURN,low_motion_or_partial_stop,0.008539154053443304,0.0010345959312325682,165.64710575897755,0.0,0.0,0.020012378326117162,,
98648,session_096_20260219-105524,20260219-105828,248,steady,U_TURN,low_motion_or_partial_stop,0.007904833594283569,0.0013372031900541906,531.5887105544172,0.0,0.0,0.018975891053320454,,
98649,session_096_20260219-105524,20260219-105828,249,steady,U_TURN,low_motion_or_partial_stop,0.00829773647885247,0.00085876645941089,372.6543255378707,0.0,0.0,0.01892654293483019,,
98650,session_096_20260219-105524,20260219-105828,250,steady,U_TURN,low_motion_or_partial_stop,0.008165009284185674,0.0004203433298624831,342.98081658679865,0.0,0.0,0.018932219988221106,,
98651,session_096_20260219-105524,20260219-105828,251,steady,U_TURN,low_motion_or_partial_stop,0.008186236198153094,0.0013251091312953124,329.31579584030663,0.0,0.0,0.019610413540017465,,
98652,session_096_20260219-105524,20260219-105828,252,steady,U_TURN,low_motion_or_partial_stop,0.008062226498733137,0.0011752914654389517,165.6471156901226,0.0,0.0,0.01830206220149583,,
98653,session_096_20260219-105524,20260219-105828,253,steady,U_TURN,low_motion_or_partial_stop,0.009043793597312394,0.0022878599734331207,171.58859004847847,0.0,0.0,0.019761682845844987,,
98654,session_096_20260219-105524,20260219-105828,254,steady,U_TURN,low_motion_or_partial_stop,0.008974790679209355,0.0019058231568697276,177.71099933470188,0.0,0.0,0.020448031883725598,,
98655,session_096_20260219-105524,20260219-105828,255,steady,U_TURN,low_motion_or_partial_stop,0.008336217027167036,0.0010890988739169602,395.7718636513766,0.0,0.0,0.018749630307071975,,
98656,session_096_20260219-105524,20260219-105828,256,steady,U_TURN,low_motion_or_partial_stop,0.007916846797503844,0.0007494049754436333,329.3159497475465,0.0,0.0,0.018926000739851685,,
98657,session_096_20260219-105524,20260219-105828,257,steady,U_TURN,low_motion_or_partial_stop,0.00867232587932578,0.0012144648999604284,165.6470529566122,0.0,0.0,0.02030252092116625,,
98658,session_096_20260219-105524,20260219-105828,258,steady,U_TURN,low_motion_or_partial_stop,0.008148283186271001,0.0010004073910385785,213.1800596996917,0.0,0.0,0.019675213454285894,,
98659,session_096_20260219-105524,20260219-105828,259,steady,U_TURN,low_motion_or_partial_stop,0.007871151664164765,0.0008722650746545547,177.71105243546347,0.0,0.0,0.01843925758834113,,
98660,session_096_20260219-105524,20260219-105828,260,steady,U_TURN,low_motion_or_partial_stop,0.007729522298793325,0.0014668012054291559,544.6440793544047,0.0,0.0,0.01849899331763575,,
98661,session_096_20260219-105524,20260219-105828,261,steady,U_TURN,low_motion_or_partial_stop,0.007814842185216267,0.000725524191540038,329.3164732011411,0.0,0.0,0.01991476417496443,,
98662,session_096_20260219-105524,20260219-105828,262,steady,U_TURN,low_motion_or_partial_stop,0.007727722125870194,0.0009035021927709024,165.64764897446872,0.0,0.0,0.019471567105534753,,
98663,session_096_20260219-105524,20260219-105828,263,steady,U_TURN,low_motion_or_partial_stop,0.007678156617333315,0.0005661529750151318,366.40040781144666,0.0,0.0,0.018207891948995757,,
98664,session_096_20260219-105524,20260219-105828,264,steady,U_TURN,low_motion_or_partial_stop,0.008483946432135047,0.001630565426509191,177.71106604777898,0.0,0.0,0.019318864801707084,,
98665,session_096_20260219-105524,20260219-105828,265,steady,U_TURN,low_motion_or_partial_stop,0.008645217275648197,0.002375612174192898,184.64404305566956,0.0,0.0,0.01991262353086916,,
98666,session_096_20260219-105524,20260219-105828,266,steady,U_TURN,low_motion_or_partial_stop,0.007793764912771832,0.0019707501548716037,317.9354438076925,0.0,0.0,0.0196555585666081,,
98667,session_096_20260219-105524,20260219-105828,267,steady,U_TURN,low_motion_or_partial_stop,0.008380066506754914,0.001588731361815578,303.6734342249576,0.0,0.0,0.019128870105056116,,
98668,session_096_20260219-105524,20260219-105828,268,steady,U_TURN,low_motion_or_partial_stop,0.00822046519228677,0.0011456032319631078,366.4015570398661,0.0,0.0,0.01906984326573412,,
98669,session_096_20260219-105524,20260219-105828,269,steady,U_TURN,low_motion_or_partial_stop,0.007483391860982451,0.0009841781574952229,253.4116141571896,0.0,0.0,0.018467688993326375,,
98670,session_096_20260219-105524,20260219-105828,270,steady,U_TURN,low_motion_or_partial_stop,0.007102853133178664,0.0005041390925156814,184.6434707972399,0.0,0.0,0.01807151961338082,,
98671,session_096_20260219-105524,20260219-105828,271,steady,U_TURN,low_motion_or_partial_stop,0.008862662265577982,0.0021525801636980346,317.93509320286296,0.0,0.0,0.0196642305441252,,
98672,session_096_20260219-105524,20260219-105828,272,steady,U_TURN,low_motion_or_partial_stop,0.007636128788083405,0.002536326622703064,482.0490857964726,0.0,0.0,0.018806715077214563,,
98673,session_096_20260219-105524,20260219-105828,273,steady,U_TURN,low_motion_or_partial_stop,0.007358604960739142,0.0011890210325383802,366.40137345772274,0.0,0.0,0.018035227401471666,,
98674,session_096_20260219-105524,20260219-105828,274,steady,U_TURN,low_motion_or_partial_stop,0.0075729892121883715,0.0013122719944689341,392.8727445903786,0.0,0.0,0.01810759270382924,,
98675,session_096_20260219-105524,20260219-105828,275,steady,U_TURN,low_motion_or_partial_stop,0.008467321663088275,0.0018825392241603558,184.64337564198985,0.0,0.0,0.020225417147207398,,
98676,session_096_20260219-105524,20260219-105828,276,steady,U_TURN,low_motion_or_partial_stop,0.012527783219727556,0.0019368011805524941,369.6718606317982,0.0,0.0,0.023432973149158123,,
98677,session_096_20260219-105524,20260219-105828,277,steady,U_TURN,low_motion_or_partial_stop,0.013962166454021442,0.004525540548780577,482.0499479433,0.0,0.0,0.024830821986305717,,
98678,session_096_20260219-105524,20260219-105828,278,steady,U_TURN,low_motion_or_partial_stop,0.015108703495626492,0.0031748175656990275,366.40045518656086,0.0,0.0,0.026464656288820165,,
98679,session_096_20260219-105524,20260219-105828,279,steady,U_TURN,low_motion_or_partial_stop,0.01416359488889639,0.00228414917637635,553.0778206929359,0.0,0.0,0.026038633858470283,,
98680,session_096_20260219-105524,20260219-105828,280,steady,U_TURN,low_motion_or_partial_stop,0.011295373600513532,0.0008656313279260802,303.46283094208144,0.0,0.0,0.022461120486658822,,
98681,session_096_20260219-105524,20260219-105828,281,steady,U_TURN,low_motion_or_partial_stop,0.011385501128109203,0.0024608856449141745,369.6726546254272,0.0,0.0,0.022863309610064556,,
98682,session_096_20260219-105524,20260219-105828,282,steady,U_TURN,low_motion_or_partial_stop,0.013276754974968635,0.003103984939163266,532.4891772332932,0.0,0.0,0.025255418164613845,,
98683,session_096_20260219-105524,20260219-105828,283,steady,U_TURN,low_motion_or_partial_stop,0.011651474351855023,0.0026035773003185415,160.84508389082467,0.0,0.0,0.024536210544803785,,
98684,session_096_20260219-105524,20260219-105828,284,steady,U_TURN,low_motion_or_partial_stop,0.009272117688078165,0.002106955285071112,694.9437269453373,0.0,0.0,0.02083230400524653,,
98685,session_096_20260219-105524,20260219-105828,285,steady,U_TURN,low_motion_or_partial_stop,0.009615726744741216,0.0010465348500959025,376.4753546592215,0.0,0.0,0.022006172840977795,,
98686,session_096_20260219-105524,20260219-105828,286,steady,U_TURN,low_motion_or_partial_stop,0.013905222830421865,0.0026602494718086364,369.67339930046444,0.0,0.0,0.02726616160219845,,
98687,session_096_20260219-105524,20260219-105828,287,steady,U_TURN,low_motion_or_partial_stop,0.01390832151882935,0.0001840602904115523,532.4889244132328,0.0,0.0,0.026599331802549833,,
98688,session_096_20260219-105524,20260219-105828,288,steady,U_TURN,low_motion_or_partial_stop,0.01237062964004566,0.0024220169861221123,326.4671917344109,0.0,0.0,0.025213158448313785,,
98689,session_096_20260219-105524,20260219-105828,289,steady,U_TURN,low_motion_or_partial_stop,0.010407890493441097,0.0010577133501641202,862.8864726089167,0.0,0.0,0.023299913314036424,,
98690,session_096_20260219-105524,20260219-105828,290,steady,U_TURN,low_motion_or_partial_stop,0.009319411062590939,0.0015784095607365525,541.3250521197082,0.0,0.0,0.0221725967333275,,
98691,session_096_20260219-105524,20260219-105828,291,steady,U_TURN,low_motion_or_partial_stop,0.008075270227654939,0.001271314201585752,198.85124364846448,0.0,0.0,0.020047863762515127,,
98692,session_096_20260219-105524,20260219-105828,292,steady,U_TURN,low_motion_or_partial_stop,0.007759499069898328,0.002292283763210764,281.8290184937283,0.0,0.0,0.019470264945002525,,
98693,session_096_20260219-105524,20260219-105828,293,steady,U_TURN,low_motion_or_partial_stop,0.009015959943270252,0.000722571064352719,326.4671307013304,0.0,0.0,0.021272702263454926,,
98694,session_096_20260219-105524,20260219-105828,294,steady,U_TURN,low_motion_or_partial_stop,0.007965370644674223,0.0010241580145225863,502.8862604781464,0.0,0.0,0.019676137192200134,,
98695,session_096_20260219-105524,20260219-105828,295,steady,U_TURN,low_motion_or_partial_stop,0.008091894806503033,0.0007921608064471896,694.0463499358877,0.0,0.0,0.019633466413414787,,
98696,session_096_20260219-105524,20260219-105828,296,steady,U_TURN,low_motion_or_partial_stop,0.007950385463740575,0.0015290038209376312,198.85142174913213,0.0,0.0,0.019120705234551397,,
98697,session_096_20260219-105524,20260219-105828,297,steady,U_TURN,low_motion_or_partial_stop,0.008258477545726258,0.0009677427001300749,281.82940395804906,0.0,0.0,0.019735843744058696,,
98698,session_096_20260219-105524,20260219-105828,298,steady,U_TURN,low_motion_or_partial_stop,0.008113046336074476,0.0006876329713280039,326.46719469624117,0.0,0.0,0.019821529007473526,,
98699,session_096_20260219-105524,20260219-105828,299,steady,U_TURN,low_motion_or_partial_stop,0.008152014310624203,0.0022307862455827306,502.8862399061324,0.0,0.0,0.01980917531448672,,
106830,session_103_20260220-105107,20260220-105107,30,nonstop,U_TURN,left_bend_ge15deg,0.38508507543055215,1.6381982578669207,49.39491108193947,0.07475640378252821,0.36884212901658286,0.9772597067267422,0.032948408491078884,-0.9767041193573124
106831,session_103_20260220-105107,20260220-105107,31,nonstop,U_TURN,left_bend_ge15deg,0.40093380271617984,1.7105358248249514,49.6101875782017,0.09007404613931656,0.3851209742882675,0.9736779120734026,0.1795732766112204,-0.9569755037547885
106832,session_103_20260220-105107,20260220-105107,32,nonstop,U_TURN,left_bend_ge15deg,0.3646729023294024,1.7780447916438795,49.581282978179544,0.07089821217774106,0.35100935311499765,0.717255436626497,0.03503085378633164,-0.7163994700258143
106833,session_103_20260220-105107,20260220-105107,33,nonstop,U_TURN,left_bend_ge15deg,0.34062719244575945,1.8694427790363901,49.327904308366044,0.07487094565818561,0.3202120415095491,0.5536346804031084,-0.0739997820495307,-0.5486669222776911
106834,session_103_20260220-105107,20260220-105107,34,nonstop,U_TURN,left_bend_ge15deg,0.337957054070322,1.967530285907005,49.505270117943965,0.08571815971371506,0.31351180759977404,0.4389276089659583,-0.34927592644644184,-0.26582658467044423
106835,session_103_20260220-105107,20260220-105107,35,nonstop,U_TURN,left_bend_ge15deg,0.27968643141225835,2.062006124161677,49.258844158538196,0.08666903924251802,0.257665172501923,0.10032132636746098,-0.09447009356479003,0.03376047905445713
106836,session_103_20260220-105107,20260220-105107,36,nonstop,U_TURN,left_bend_ge15deg,0.2598848880806277,2.1235218587159985,49.08568077916579,0.09360388583549663,0.23137318481733676,0.31333428924131496,-0.14517978621833277,0.27767104005992277
106837,session_103_20260220-105107,20260220-105107,37,nonstop,U_TURN,left_bend_ge15deg,0.30304184480647944,2.20019383519602,48.701616251703975,0.10022809265305033,0.272856631111057,0.5492927619116383,-0.17045952161657532,0.5221743863679682
106838,session_103_20260220-105107,20260220-105107,38,nonstop,U_TURN,left_bend_ge15deg,0.2928915292788088,2.2605675176046907,48.81580528515509,0.10838395203371448,0.24828221384021903,0.7387190172612901,-0.15311459855764858,0.7226767646548603
106839,session_103_20260220-105107,20260220-105107,39,nonstop,U_TURN,left_bend_ge15deg,0.3530106631617431,2.292651716809622,48.60020421665984,0.1338501496136329,0.2880362210765209,0.8092767179822469,0.04301181212690547,0.8081329038503982
106840,session_103_20260220-105107,20260220-105107,40,nonstop,U_TURN,left_bend_ge15deg,0.3583985925049008,2.2876861514902624,48.475906107951495,0.13451656431867226,0.30468472661567514,1.095865137147262,-0.0785296690828714,1.0930477985378875
106841,session_103_20260220-105107,20260220-105107,41,nonstop,U_TURN,left_bend_ge15deg,0.3500722819400144,2.291921013854574,48.16419932478705,0.13884267162234185,0.30233014427607274,1.303468004827555,-0.2120465858525069,1.2861046166768173
106842,session_103_20260220-105107,20260220-105107,42,nonstop,U_TURN,left_bend_ge15deg,0.2972968695700524,2.2721417046229178,47.82136563274871,0.1305629291934638,0.25488172121091784,1.3332530648129015,-0.5131915348188092,1.2305276036819777
106843,session_103_20260220-105107,20260220-105107,43,nonstop,U_TURN,left_bend_ge15deg,0.3641145805700179,2.2302494274701417,47.51736116565399,0.13941416861292064,0.3233250694534471,1.6922371465617,-0.5942038396267979,1.5844836247737164
106844,session_103_20260220-105107,20260220-105107,44,nonstop,U_TURN,left_bend_ge15deg,0.3547242633547487,2.1938048349891237,47.38607134415818,0.1294884344226429,0.3204410652107628,1.824417971559884,-0.8252744508125693,1.6270903526807274
106845,session_103_20260220-105107,20260220-105107,45,nonstop,U_TURN,left_bend_ge15deg,0.33860533693885075,2.188566587611344,47.702459767460944,0.15733917120718705,0.28869770405272926,1.4021162726323224,-0.266350848309051,1.3765853651646185
106846,session_103_20260220-105107,20260220-105107,46,nonstop,U_TURN,left_bend_ge15deg,0.24151372683214145,2.164933674542977,48.53493573985038,0.14052903195477798,0.1810801555420763,0.832572146439656,-0.1641372689521376,0.8162324031598291
106847,session_103_20260220-105107,20260220-105107,47,nonstop,U_TURN,left_bend_ge15deg,0.2157944695846627,2.1328542795809624,49.740670078780575,0.14566859218412032,0.14521797646079676,0.7749582323765549,-0.2618881326987752,0.7293660726135698
106848,session_103_20260220-105107,20260220-105107,48,nonstop,U_TURN,left_bend_ge15deg,0.25553643697361544,2.108894389681503,50.64421143164209,0.19082769727157325,0.13479984307035736,0.6829216799285666,-0.012733410305166282,0.6828029592631067
106849,session_103_20260220-105107,20260220-105107,49,nonstop,U_TURN,left_bend_ge15deg,0.252479161394645,2.0883004291674374,51.64787089987695,0.23827404525971824,0.058997379234278724,0.38277082892050596,0.21202823349673572,0.31868093082697146
106850,session_103_20260220-105107,20260220-105107,50,nonstop,U_TURN,left_bend_ge15deg,0.29511117629059835,2.0734658369739885,52.90394804522858,0.2864405166644949,0.035444519048082296,0.3606088802676803,0.35553385821944816,0.0602863184105939
106851,session_103_20260220-105107,20260220-105107,51,nonstop,U_TURN,left_bend_ge15deg,0.31468329139459417,2.082570997459161,53.944499985653145,0.2886408551468178,0.07881357670130665,0.4942776691658213,0.19897410847947294,0.45245963178033466
106852,session_103_20260220-105107,20260220-105107,52,nonstop,U_TURN,left_bend_ge15deg,0.29113924739116476,2.081267149834149,54.862638014466036,0.2580199553254578,0.09438096360189205,0.41926889911773485,-0.04706308347206109,0.41661910174822653
106853,session_103_20260220-105107,20260220-105107,53,nonstop,U_TURN,left_bend_ge15deg,0.37773076052099064,2.080904965754042,56.245457475668054,0.3410184753091257,0.12002751902064551,0.5345281985331138,0.15694133665370205,0.5109694823337352
106854,session_103_20260220-105107,20260220-105107,54,nonstop,U_TURN,left_bend_ge15deg,0.37842398060752797,2.0952982482309923,57.7228753096866,0.3516514995624044,0.08248151001007485,0.5721243461024211,0.2540865356757458,0.512607354406295
106855,session_103_20260220-105107,20260220-105107,55,nonstop,U_TURN,left_bend_ge15deg,0.33678684603530945,2.104505045500529,58.876071100820596,0.30548701385536253,0.10124328755211383,0.29357926437119447,0.24002104242632255,0.16905231042879343
106856,session_103_20260220-105107,20260220-105107,56,nonstop,U_TURN,left_bend_ge15deg,0.3282853118970139,2.11250813006963,60.08031297452724,0.2643213508790421,0.13493476767534512,0.21396757755894547,0.18592898635091545,-0.10588926423846966
106857,session_103_20260220-105107,20260220-105107,57,nonstop,U_TURN,left_bend_ge15deg,0.2649508628089641,2.155067045172563,61.534641257957595,0.2178068213098768,0.11464113401125565,0.4926873990457751,-0.4893315425452458,-0.05740657321928458
106858,session_103_20260220-105107,20260220-105107,58,nonstop,U_TURN,left_bend_ge15deg,0.2955124205448088,2.2028140329420984,62.894954363657334,0.24189604261006453,0.11238579385436877,0.45871691038112,-0.4587159379594235,0.0009445271869303329
106859,session_103_20260220-105107,20260220-105107,59,nonstop,U_TURN,left_bend_ge15deg,0.25120303752265927,2.2455225158609955,64.35358280053872,0.2028684527206261,0.11821780784397541,0.691940883299538,-0.6746872121619889,-0.15355569584495474
106860,session_103_20260220-105107,20260220-105107,60,nonstop,U_TURN,left_bend_ge15deg,0.2654678739238704,2.297392094559276,66.05953921065277,0.22071411101939298,0.11947373951234862,0.6453647516289123,-0.585815263656196,-0.2707695320978141
106861,session_103_20260220-105107,20260220-105107,61,nonstop,U_TURN,left_bend_ge15deg,0.2971410620842487,2.3671656999293402,67.67173698005101,0.22509247499651247,0.18816296121223702,0.8294243471728477,-0.6687392512197278,-0.4906450464044069
106862,session_103_20260220-105107,20260220-105107,62,nonstop,U_TURN,left_bend_ge15deg,0.3212769313494495,2.464842080459913,68.92615761333352,0.17956400235276676,0.2565871035114563,1.4764172419942088,-1.225112466319824,-0.8239583225658589
106863,session_103_20260220-105107,20260220-105107,63,nonstop,U_TURN,left_bend_ge15deg,0.2933684688872041,2.5936664329519887,69.82945544942868,0.12540067927444026,0.2493685448829712,1.6440020801752864,-1.296518796822308,-1.0108322556720792
106864,session_103_20260220-105107,20260220-105107,64,nonstop,U_TURN,left_bend_ge15deg,0.32974540460103485,2.722679892754021,70.10404048654942,0.12323186295942959,0.29495714375327714,1.6775383692314783,-1.1580114269043769,-1.2137316488428143
106865,session_103_20260220-105107,20260220-105107,65,nonstop,U_TURN,left_bend_ge15deg,0.3256275786553738,2.8656100193220757,69.7810573699113,0.19374729265483298,0.25312079912275093,1.6242331179905067,-1.2666814950599492,-1.01668638805182
106866,session_103_20260220-105107,20260220-105107,66,nonstop,U_TURN,left_bend_ge15deg,0.34644925513571667,3.0033142920622318,69.21528747932214,0.19935281814912664,0.25397312985261333,2.0742793168316314,-1.7724644841526687,-1.0774991121355568
106867,session_103_20260220-105107,20260220-105107,67,nonstop,U_TURN,left_bend_ge15deg,0.4323053213405158,3.1260984411113366,68.48136055181045,0.2525748772580274,0.3156775663251643,2.4160089923435972,-2.126116285202513,-1.147488123198576
106868,session_103_20260220-105107,20260220-105107,68,nonstop,U_TURN,left_bend_ge15deg,0.39814952370997636,3.237784853150302,67.6091628314129,0.26274939192136715,0.2499485558799452,2.555429889302361,-2.2964594636268645,-1.1209352573001214
106869,session_103_20260220-105107,20260220-105107,69,nonstop,U_TURN,left_bend_ge15deg,0.44634182401839956,3.362014839427333,66.67812222593264,0.32681291456303774,0.24387137377174595,2.7588857567300136,-2.594473997228122,-0.9381659215697787
106870,session_103_20260220-105107,20260220-105107,70,nonstop,U_TURN,left_bend_ge15deg,0.43409272388405373,3.4692171796726514,65.66425687723788,0.3903446608478758,0.13676280969162882,2.9153459992554693,-2.8093510971880185,-0.77896643580025
106871,session_103_20260220-105107,20260220-105107,71,nonstop,U_TURN,left_bend_ge15deg,0.5174288478054963,3.564970140207039,64.15430085418562,0.4691692191920539,0.12299528000037376,3.3103970691170526,-3.2479579225499524,-0.6399203767374282
106872,session_103_20260220-105107,20260220-105107,72,nonstop,U_TURN,left_bend_ge15deg,0.5511909238360425,3.658444900319045,62.1042503984538,0.5242508629438698,0.08971077449659502,3.4518962754422766,-3.4093081386668773,-0.5405607385225606
106873,session_103_20260220-105107,20260220-105107,73,nonstop,U_TURN,left_bend_ge15deg,0.6072651605844506,3.740722533716739,59.43019064699678,0.5940122502266819,0.07166928531591565,3.543857503511496,-3.520170743299064,-0.40905249445034864
106874,session_103_20260220-105107,20260220-105107,74,nonstop,U_TURN,left_bend_ge15deg,0.6468687961690718,3.805707003615678,56.21078868678091,0.6321685733845978,0.05190178154012492,3.5052969552368864,-3.500930822008531,-0.17490032562479407
106875,session_103_20260220-105107,20260220-105107,75,nonstop,U_TURN,left_bend_ge15deg,0.6957622438189746,3.866994371588118,53.35926228086703,0.6794946916610175,0.06892905935677299,3.4705908158981074,-3.4703473810279544,0.04110555179910658
106876,session_103_20260220-105107,20260220-105107,76,nonstop,U_TURN,left_bend_ge15deg,0.6918544111873302,3.9260112492877095,51.30399007462609,0.681544760507493,0.04196479749933879,3.327013121746252,-3.326619664623398,-0.05116560575872042
106877,session_103_20260220-105107,20260220-105107,77,nonstop,U_TURN,left_bend_ge15deg,0.714386014642176,3.9779303981297853,48.745493212702165,0.7071255786762518,0.062136397910187574,3.204760695193225,-3.2023618343047238,0.1239749799106673
106878,session_103_20260220-105107,20260220-105107,78,nonstop,U_TURN,left_bend_ge15deg,0.7892943625045484,4.037547815870109,45.607541950514324,0.7521679592526213,0.14214652452897827,3.2145786032102266,-3.204605672775554,0.25301794053338034
106879,session_103_20260220-105107,20260220-105107,79,nonstop,U_TURN,left_bend_ge15deg,0.6523591351446891,4.101073716719366,41.99981602872899,0.6055157399855122,0.16064585667548356,2.3831731547080084,-2.3710325276298887,0.24024786834005507
106880,session_103_20260220-105107,20260220-105107,80,nonstop,U_TURN,left_bend_ge15deg,0.5278657728852342,4.176381445082579,38.8641131193227,0.49208071710638135,0.14272961245415255,1.7056439991511987,-1.6936103923403172,0.20225056439321043
106881,session_103_20260220-105107,20260220-105107,81,nonstop,U_TURN,left_bend_ge15deg,0.5300831207300072,4.267981788214673,36.62986980853736,0.5073808271964926,0.10599526336538635,1.544355302806415,-1.5418714209853004,0.08755468265640909
106882,session_103_20260220-105107,20260220-105107,82,nonstop,U_TURN,left_bend_ge15deg,0.3730542643838243,4.349298189231324,33.97532501580251,0.3589342072504536,0.06873181934409725,0.7857786822301521,-0.672136429760295,-0.4070390119342844
106883,session_103_20260220-105107,20260220-105107,83,nonstop,U_TURN,left_bend_ge15deg,0.27785021936558313,4.423254800708353,30.841224012135864,0.23967670445070274,0.09079896595138537,0.6237623540700078,-0.14524996693050962,-0.606615134547139
106884,session_103_20260220-105107,20260220-105107,84,nonstop,U_TURN,left_bend_ge15deg,0.36206290384659934,4.50155434581098,27.359104215292327,0.1915806267426681,0.28748196336658266,1.1121012561546,0.233474981265734,-1.08731717408657
106885,session_103_20260220-105107,20260220-105107,85,nonstop,U_TURN,left_bend_ge15deg,0.30611470911357946,4.574608785905061,24.40976998729166,0.20693005735435036,0.19616559169219497,1.1624756244950167,0.554479949819444,-1.021715010554952
